"Gemeenten","aantallen laadpunten per gemeente|September 2019|Regulier Publiek","aantallen laadpunten per gemeente|September 2019|Regulier Semi-publiek","aantallen laadpunten per gemeente|September 2019|Snellaadpunten (>50 kW)","aantallen laadpunten per gemeente|December 2019|Regulier Publiek","aantallen laadpunten per gemeente|December 2019|Regulier Semi-publiek","aantallen laadpunten per gemeente|December 2019|Snellaadpunten (>50 kW)","aantallen laadpunten per gemeente|March 2020|Regulier Publiek","aantallen laadpunten per gemeente|March 2020|Regulier Semi-publiek","aantallen laadpunten per gemeente|March 2020|Snellaadpunten (>50 kW)","aantallen laadpunten per gemeente|June 2020|Regulier Publiek","aantallen laadpunten per gemeente|June 2020|Regulier Semi-publiek","aantallen laadpunten per gemeente|June 2020|Snellaadpunten (>50 kW)","aantallen laadpunten per gemeente|September 2020|Regulier Publiek","aantallen laadpunten per gemeente|September 2020|Regulier Semi-publiek","aantallen laadpunten per gemeente|September 2020|Snellaadpunten (>50 kW)","aantallen laadpunten per gemeente|December 2020|Regulier Publiek","aantallen laadpunten per gemeente|December 2020|Regulier Semi-publiek","aantallen laadpunten per gemeente|December 2020|Snellaadpunten (>50 kW)","aantallen laadpunten per gemeente|March 2021|Regulier Publiek","aantallen laadpunten per gemeente|March 2021|Regulier Semi-publiek","aantallen laadpunten per gemeente|March 2021|Snellaadpunten (>50 kW)","aantallen laadpunten per gemeente|June 2021|Regulier Publiek","aantallen laadpunten per gemeente|June 2021|Regulier Semi-publiek","aantallen laadpunten per gemeente|June 2021|Snellaadpunten (>50 kW)","aantallen laadpunten per gemeente|September 2021|Regulier Publiek","aantallen laadpunten per gemeente|September 2021|Regulier Semi-publiek","aantallen laadpunten per gemeente|September 2021|Snellaadpunten (>50 kW)","aantallen laadpunten per gemeente|December 2021|Regulier Publiek","aantallen laadpunten per gemeente|December 2021|Regulier Semi-publiek","aantallen laadpunten per gemeente|December 2021|Snellaadpunten (>50 kW)","aantallen laadpunten per gemeente|March 2022|Regulier Publiek","aantallen laadpunten per gemeente|March 2022|Regulier Semi-publiek","aantallen laadpunten per gemeente|March 2022|Snellaadpunten (>50 kW)","aantallen laadpunten per gemeente|June 2022|Regulier Publiek","aantallen laadpunten per gemeente|June 2022|Regulier Semi-publiek","aantallen laadpunten per gemeente|June 2022|Snellaadpunten (>50 kW)","aantallen laadpunten per gemeente|September 2022|Regulier Publiek","aantallen laadpunten per gemeente|September 2022|Regulier Semi-publiek","aantallen laadpunten per gemeente|September 2022|Snellaadpunten (>50 kW)","aantallen laadpunten per gemeente|December 2022|Regulier Publiek","aantallen laadpunten per gemeente|December 2022|Regulier Semi-publiek","aantallen laadpunten per gemeente|December 2022|Snellaadpunten (>50 kW)","aantallen laadpunten per gemeente|March 2023|Regulier Publiek","aantallen laadpunten per gemeente|March 2023|Regulier Semi-publiek","aantallen laadpunten per gemeente|March 2023|Snellaadpunten (>50 kW)","aantallen laadpunten per gemeente|June 2023|Regulier Publiek","aantallen laadpunten per gemeente|June 2023|Regulier Semi-publiek","aantallen laadpunten per gemeente|June 2023|Snellaadpunten (>50 kW)","aantallen laadpunten per gemeente|September 2023|Regulier Publiek","aantallen laadpunten per gemeente|September 2023|Regulier Semi-publiek","aantallen laadpunten per gemeente|September 2023|Snellaadpunten (>50 kW)","aantallen laadpunten per gemeente|December 2023|Regulier Publiek","aantallen laadpunten per gemeente|December 2023|Regulier Semi-publiek","aantallen laadpunten per gemeente|December 2023|Snellaadpunten (>50 kW)","aantallen laadpunten per gemeente|March 2024|Regulier Publiek","aantallen laadpunten per gemeente|March 2024|Regulier Semi-publiek","aantallen laadpunten per gemeente|March 2024|Snellaadpunten (>50 kW)","aantallen laadpunten per gemeente|June 2024|Regulier Publiek","aantallen laadpunten per gemeente|June 2024|Regulier Semi-publiek","aantallen laadpunten per gemeente|June 2024|Snellaadpunten (>50 kW)","aantallen laadpunten per gemeente|September 2024|Regulier Publiek","aantallen laadpunten per gemeente|September 2024|Regulier Semi-publiek","aantallen laadpunten per gemeente|September 2024|Snellaadpunten (>50 kW)","aantallen laadpunten per gemeente|December 2024|Regulier Publiek","aantallen laadpunten per gemeente|December 2024|Regulier Semi-publiek","aantallen laadpunten per gemeente|December 2024|Snellaadpunten (>50 kW)","aantallen laadpunten per gemeente|March 2025|Regulier Publiek","aantallen laadpunten per gemeente|March 2025|Regulier Semi-publiek","aantallen laadpunten per gemeente|March 2025|Snellaadpunten (>50 kW)","aantallen laadpunten per gemeente|June 2025|Regulier Publiek","aantallen laadpunten per gemeente|June 2025|Regulier Semi-publiek","aantallen laadpunten per gemeente|June 2025|Snellaadpunten (>50 kW)","aantallen laadpunten per gemeente|August 2025|Regulier Publiek","aantallen laadpunten per gemeente|August 2025|Regulier Semi-publiek","aantallen laadpunten per gemeente|August 2025|Snellaadpunten (>50 kW)"
"Aa en Hunze",2,15,"",2,15,"",2,5,"",2,9,"",2,9,"",3,12,"",2,14,"",2,15,"",12,15,"",22,39,"",22,40,2,36,44,2,38,50,2,37,42,2,46,59,2,46,60,2,46,61,10,46,50,12,44,53,12,47,61,12,53,60,12,58,68,12,42,57,12,68,87,14,74,56,12
"Aalsmeer",110,72,"",116,79,"",120,67,"",128,75,"",144,74,"",152,69,"",148,79,"",154,102,"",174,102,"",178,107,"",183,134,"",205,116,"",213,114,"",211,136,"",187,197,"",175,214,2,176,224,3,243,160,10,282,195,6,298,223,10,297,223,10,317,210,18,275,245,22,301,220,18,301,247,18
"Aalten",6,8,"",6,7,"",6,7,"",14,15,"",16,15,"",20,9,"",22,15,"",22,12,"",22,10,"",62,12,"",62,12,"",62,23,"",68,22,"",70,39,2,70,54,1,70,58,1,64,72,5,92,35,7,100,32,7,96,38,8,96,42,6,97,44,6,99,88,8,116,80,8,105,87,8
"Achtkarspelen",8,8,"",8,8,"",8,4,"",8,4,"",12,3,"",12,5,"",12,5,"",12,5,"",16,5,"",14,10,"",12,5,"",16,4,"",18,3,"",32,9,4,36,13,4,40,16,4,44,13,6,47,10,6,59,10,6,54,14,6,56,14,6,56,18,6,46,32,8,47,29,6,61,32,10
"Alblasserdam",36,14,2,36,13,2,37,10,2,36,10,2,36,12,2,42,11,2,38,23,2,46,21,8,46,21,12,57,23,10,58,32,14,58,38,10,61,36,14,60,43,14,58,42,14,52,42,14,54,49,14,62,45,14,62,57,16,64,76,18,64,71,22,68,77,12,58,98,12,59,99,12,59,101,12
"Albrandswaard",74,31,2,80,32,2,86,18,2,86,20,2,88,20,3,89,20,3,92,22,7,94,33,8,110,28,8,108,29,7,110,31,8,116,31,6,128,33,6,130,31,6,148,49,6,155,51,5,175,51,5,203,39,5,217,52,5,255,57,5,267,38,5,285,69,1,292,105,"",306,102,6,318,96,6
"Alkmaar",256,252,"",234,262,4,359,185,7,372,185,7,424,169,7,442,170,6,477,214,14,489,222,16,525,240,16,556,228,16,566,240,21,614,244,22,642,274,21,674,280,21,713,321,27,733,360,20,687,407,25,803,355,25,798,366,19,842,422,27,856,406,35,855,423,39,909,467,44,896,499,48,940,483,47
"Almelo",16,86,"",30,82,"",42,73,"",48,77,"",53,77,2,54,84,2,54,107,2,52,119,4,52,112,4,64,112,4,64,140,4,64,161,4,66,184,4,65,205,9,82,239,7,111,231,7,135,239,8,149,192,17,167,199,16,189,216,24,193,208,24,229,246,24,204,275,24,208,243,26,200,298,26
"Almere",389,246,2,370,284,6,418,230,6,457,235,6,519,201,2,565,222,4,612,260,4,640,260,8,760,256,8,891,281,8,994,289,8,1127,272,9,1154,312,9,1221,346,14,1255,492,14,1343,494,16,1421,459,19,1519,419,19,1603,440,22,1664,522,28,1691,657,52,1761,714,60,1813,841,57,1793,878,58,1896,887,58
"Alphen aan den Rijn",302,127,1,322,130,1,338,118,1,355,165,2,430,121,6,515,130,7,561,141,7,589,148,7,619,152,7,622,151,3,640,178,7,682,183,6,702,178,8,750,205,6,735,312,8,707,382,7,674,476,8,916,235,11,993,247,13,894,275,16,1032,282,16,1042,361,16,1055,286,14,1086,318,11,1110,319,8
"Alphen-Chaam",3,4,"",5,3,"",7,10,"",7,10,"",7,10,"",9,10,"",9,8,"",9,8,"",9,14,"",11,17,"",13,17,"",12,19,"",10,23,"",20,25,"",20,25,"",20,36,"",22,38,"",26,32,"",32,40,"",34,42,"",35,45,"",35,20,"",32,28,"",35,26,"",32,32,""
"Altena",46,40,2,50,39,2,60,27,2,64,33,2,72,34,2,74,40,14,83,40,18,86,44,18,86,40,16,86,43,16,96,45,18,99,41,18,109,54,20,110,65,21,113,99,19,119,130,7,125,150,19,181,74,19,185,85,19,192,101,20,192,107,22,207,118,24,176,226,24,178,308,24,176,313,22
"Ameland",6,10,"",6,10,"",6,1,"",6,2,"",6,4,"",6,10,"",6,16,"",6,14,"",4,17,"",10,10,"",10,10,"",6,14,"",5,24,"",7,28,"",7,34,"",9,38,"",12,42,"",12,42,"",13,52,"",16,52,"",14,55,"",14,45,"","",72,"","",75,"","",76,""
"Amersfoort",388,237,4,414,255,4,438,240,4,480,277,4,613,228,8,671,305,13,722,397,12,738,375,16,762,452,17,794,444,18,814,464,19,873,451,15,888,503,22,927,553,22,884,638,31,851,703,36,787,877,42,1076,686,44,1109,739,46,905,763,45,1129,723,46,1177,793,68,1187,1018,58,1236,1114,54,1175,972,62
"Amstelveen",346,135,8,336,149,8,378,135,8,408,151,8,517,250,"",622,174,8,651,260,8,670,258,7,732,253,6,743,295,8,743,303,8,765,287,6,761,376,6,790,410,5,749,558,6,741,575,7,666,718,7,997,426,7,1087,406,7,1170,430,8,1086,526,5,1077,579,11,1115,551,8,1161,560,8,1170,550,8
"Amsterdam",3289,1563,44,3414,1654,52,3694,1509,47,3799,1608,54,3831,1596,24,4939,1836,81,5135,2399,73,5208,2404,71,5307,2384,71,5521,2384,78,5533,2479,117,6433,2136,113,6628,2471,126,6848,2617,148,6493,3277,160,8070,3576,183,8344,3910,187,8784,3211,154,8587,3722,166,8933,4114,189,9090,4223,172,9312,4726,214,8264,6330,197,8645,6520,246,9177,6437,210
"Apeldoorn",171,237,29,197,262,29,217,214,30,228,226,30,256,247,45,261,267,65,276,303,67,291,261,74,345,295,74,345,338,76,360,362,77,379,340,74,334,357,72,462,375,60,518,660,103,529,677,77,551,718,78,618,420,85,678,585,86,714,707,95,763,656,104,795,721,100,763,778,88,798,829,95,800,751,97
"Arnhem",439,174,18,449,215,18,527,264,18,536,271,17,563,227,11,564,244,36,585,330,37,599,254,36,627,297,36,637,314,34,702,327,41,788,293,33,798,339,37,822,345,44,892,518,44,911,543,54,873,664,57,877,663,64,932,722,75,967,772,76,1022,764,80,1137,773,81,1075,977,70,1146,1242,68,1192,1148,69
"Assen",13,82,2,13,81,2,15,63,16,19,74,14,19,71,14,51,98,14,59,110,14,65,111,16,93,114,16,96,113,16,111,132,16,124,133,22,128,139,18,136,138,22,167,198,46,177,176,28,175,258,26,169,208,34,202,256,42,212,284,44,212,285,44,233,314,38,232,297,44,252,293,52,276,323,51
"Asten",6,4,"",6,4,"",6,4,"",10,8,"",10,8,"",10,8,4,14,8,6,20,10,7,20,10,5,20,10,5,20,10,5,23,10,5,22,10,5,24,18,10,33,14,8,25,26,8,29,28,8,45,23,8,45,25,8,48,30,14,48,34,16,52,38,16,56,42,14,56,46,18,56,47,17
"Baarle-Nassau",2,6,"",2,6,"",2,4,"",2,4,"",2,4,"",4,4,"",6,6,"",6,6,"",6,7,"",6,7,"",6,7,"",8,4,"",6,8,"",8,6,"",10,7,"",14,7,"",8,13,"",8,13,"",10,11,"",12,14,"",12,21,"",12,30,"",12,29,"",12,27,"",12,32,""
"Baarn",18,31,"",20,33,"",20,20,"",26,20,"",28,20,"",32,20,"",36,22,"",38,22,"",38,18,"",44,19,"",50,21,"",54,21,"",54,29,"",58,48,"",58,69,"",57,71,"",52,82,"",56,62,"",88,64,"",90,61,"",94,64,"",96,75,"",92,103,"",96,102,"",102,99,""
"Barendrecht",183,104,"",191,116,"",191,123,"",197,125,"",200,121,4,197,113,4,214,131,4,217,136,4,243,146,10,229,146,10,263,146,10,283,140,12,294,168,10,330,182,14,363,233,15,401,241,15,420,254,14,464,249,16,518,276,16,549,290,47,555,259,64,580,250,55,567,317,52,579,307,46,591,335,60
"Barneveld",89,103,9,101,107,9,117,93,9,137,90,13,151,99,5,145,98,16,154,123,18,160,129,20,185,123,20,185,126,19,196,144,19,209,145,20,169,169,21,238,169,28,244,220,30,273,226,30,289,258,27,306,215,27,328,236,34,325,237,44,362,223,46,389,251,46,385,308,43,413,291,42,400,362,42
"Beek",2,32,"",2,31,"",2,37,"",2,37,"",2,37,"",2,35,"",2,50,"",3,47,"",3,48,"",3,53,"",3,58,"",5,47,"",7,64,"",21,75,"",21,60,"",27,60,"",39,62,"",39,74,"",47,58,4,47,106,4,48,107,4,52,117,4,44,143,4,44,141,4,44,146,4
"Beekdaelen",10,20,"",10,22,"",12,21,"",12,21,"",14,21,"",14,23,"",14,25,"",14,25,"",14,33,"",16,31,"",20,30,"",22,46,"",38,41,"",40,53,"",38,49,"",56,49,"",70,47,"",70,49,"",84,45,"",84,54,"",86,52,"",91,49,"",80,54,"",82,98,"",85,109,""
"Beesel",4,5,"",4,6,"",3,"","",3,"","",4,2,"",4,6,"",4,8,"",4,8,"",2,6,"",2,6,"",6,6,"",6,4,"",8,6,"",16,4,"",16,9,"",16,9,"",24,9,"",30,2,"",52,2,"",60,2,"",62,2,"",78,3,2,54,25,2,54,27,2,54,33,2
"Berg en Dal",24,21,"",34,25,"",34,15,"",34,15,"",38,15,"",40,21,"",48,20,"",48,21,"",50,21,"",50,41,"",58,41,"",64,46,"",65,51,"",71,44,"",76,57,"",86,61,"",94,63,"",100,61,"",108,60,"",116,66,"",128,66,"",138,63,"",140,105,"",139,103,"",137,107,""
"Bergeijk",6,3,"",6,3,"",6,"","",6,"","",6,6,"",6,11,"",6,13,"",6,13,"",6,13,"",16,13,"",14,22,"",14,39,"",18,40,"",18,64,"",28,43,"",28,63,"",26,66,"",26,62,"",28,68,"",36,67,"",34,61,"",40,62,"",39,63,2,40,91,2,42,99,1
"Bergen (L.)",13,11,"",13,11,"",13,10,"",13,10,"",13,12,"",15,12,"",17,15,"",17,15,"",19,15,"",21,15,"",27,23,"",33,23,"",27,25,"",25,35,"",34,22,"",28,28,"",31,28,"",37,26,"",41,24,"",53,24,"",49,26,"",49,29,1,51,37,"",58,37,"",59,47,""
"Bergen (NH.)",61,31,1,59,41,1,75,27,1,76,29,1,84,22,1,92,22,1,110,25,"",110,27,"",128,38,"",141,55,"",141,59,"",161,63,"",169,66,"",172,77,"",174,82,"",187,96,"",189,103,1,207,119,1,229,122,1,238,126,2,239,129,2,240,125,2,252,163,1,225,165,1,247,159,1
"Bergen op Zoom",74,85,1,82,90,"",105,93,"",107,82,"",107,78,"",109,90,6,119,90,4,127,87,"",135,89,2,152,96,2,176,103,"",232,93,2,240,107,2,250,90,4,301,132,2,374,133,6,386,150,7,400,112,5,403,130,5,435,153,6,453,148,6,460,204,6,458,228,6,455,260,6,455,262,6
"Berkelland",12,18,"",12,24,"",12,26,"",14,26,"",20,22,"",22,26,1,24,27,"",24,25,"",24,30,"",22,41,"",28,45,"",28,57,"",26,48,4,26,38,4,26,58,2,26,67,2,30,72,2,36,100,2,38,91,2,40,95,8,40,95,12,36,97,12,26,123,12,25,128,10,26,99,10
"Bernheze",18,31,"",20,36,"",22,20,"",22,20,"",22,21,"",26,21,"",28,24,"",35,28,2,39,28,2,41,28,2,39,28,10,47,47,11,51,48,10,71,50,10,79,44,10,79,47,10,95,49,10,113,44,10,121,43,10,131,48,10,135,65,10,137,78,10,132,95,10,132,89,10,131,99,10
"Best",34,49,"",34,50,"",34,44,"",38,52,"",42,92,6,50,142,6,60,141,10,62,120,10,70,118,10,70,115,9,76,135,10,82,140,10,87,150,10,107,149,10,116,145,10,122,143,10,150,189,7,162,202,29,171,198,34,171,226,33,173,217,33,175,237,35,160,187,31,162,198,31,155,210,35
"Beuningen",25,10,"",27,10,"",31,6,"",27,6,"",27,7,"",30,12,"",30,12,"",26,12,2,28,12,2,30,10,2,30,13,2,32,10,2,32,12,2,58,14,2,59,19,2,63,25,2,84,20,2,86,18,2,105,18,2,111,18,2,116,17,2,130,21,2,98,62,2,101,60,2,114,63,2
"Beverwijk",61,45,"",60,50,"",70,37,"",73,33,"",80,30,"",82,30,"",83,35,"",83,39,2,89,50,4,89,45,3,93,49,3,98,52,3,110,42,7,116,50,7,119,63,7,144,87,7,159,85,7,182,76,7,194,76,12,202,81,12,208,83,14,208,107,14,200,80,14,188,105,12,203,79,12
"Bladel",10,19,"",10,18,"",10,13,"",12,13,"",14,11,14,14,18,14,14,20,11,14,16,8,14,15,12,16,27,12,19,38,8,29,33,11,30,45,11,33,52,10,46,60,10,48,58,12,60,61,12,60,54,13,70,54,12,82,79,12,78,77,12,90,69,12,68,85,11,66,86,12,66,91,11
"Blaricum",18,17,"",18,21,"",24,14,"",26,14,"",28,12,"",30,12,"",28,14,"",30,10,"",32,10,"",32,17,"",34,18,"",38,17,"",42,17,"",46,19,"",60,20,"",64,20,"",54,24,"",56,16,"",56,17,"",60,23,"",61,21,"",59,19,"",58,20,"",51,20,"",56,22,""
"Bloemendaal",34,26,"",32,26,"",44,16,"",40,46,"",78,15,"",82,15,"",86,12,"",88,10,"",88,8,"",94,8,"",98,24,"",102,19,"",102,19,"",104,13,"",108,39,"",114,39,"",128,39,"",134,15,"",138,31,"",152,31,"",152,39,"",152,33,"",132,64,"",127,72,"",141,56,""
"Bodegraven-Reeuwijk",23,36,9,35,41,14,43,19,14,49,36,14,61,42,4,71,59,14,81,66,14,81,66,14,92,63,14,95,71,16,111,75,16,123,79,13,140,95,13,164,106,13,193,168,13,190,154,13,207,157,17,210,129,17,217,132,17,229,167,36,251,168,36,273,179,36,269,210,35,284,212,29,286,225,37
"Boekel",5,12,"",5,11,"",7,15,"",7,15,"",7,15,"",8,13,"",7,13,"",7,13,"",7,15,"",7,13,"",7,15,"",7,14,"",13,15,"",21,14,"",31,14,"",29,17,"",31,15,"",31,15,"",32,13,"",36,17,"",34,17,"",37,18,"",36,21,"",34,21,"",35,19,""
"Borger-Odoorn",2,14,"",4,14,"",4,16,"",4,16,"",4,16,"",4,30,"",4,35,"",4,45,"",4,45,"",4,49,"",6,48,"",14,46,"",21,44,"",23,48,"",28,47,"",25,56,"",27,56,"",33,52,"",46,56,"",55,48,"",55,48,"",49,44,"",18,95,"",22,98,2,27,100,""
"Borne",10,12,"",12,7,"",12,9,"",14,7,"",20,7,"",20,6,"",24,16,"",26,23,"",28,25,"",30,15,"",30,13,2,34,12,2,40,19,6,49,19,5,70,45,4,80,46,4,86,62,6,106,39,6,116,37,6,122,45,8,124,46,8,138,46,8,142,42,4,144,34,6,140,52,6
"Borsele",10,23,"",10,23,"",10,13,"",10,23,"",10,27,"",10,33,"",10,39,"",10,45,"",22,54,"",12,71,"",33,62,"",27,76,"",39,78,"",39,90,"",48,99,"",51,104,2,63,108,2,69,101,2,80,122,2,82,142,2,86,149,4,89,148,4,122,117,4,138,97,2,137,102,5
"Boxtel",21,35,7,25,184,7,38,24,7,44,24,7,50,24,12,62,32,13,64,32,14,58,41,15,58,42,15,60,53,15,63,54,15,68,57,15,104,62,15,122,61,15,127,69,8,132,77,16,166,70,18,163,61,18,164,61,18,168,61,18,172,59,18,172,65,18,164,127,18,166,100,18,168,85,18
"Breda",339,260,20,351,305,20,417,284,20,441,314,20,543,246,20,641,313,33,684,335,45,698,323,49,751,365,50,777,370,50,791,432,52,836,453,52,948,482,50,969,696,43,933,766,75,1026,795,61,1013,873,62,1154,631,66,1257,753,68,1554,1034,73,1578,933,73,1682,1102,80,1832,1081,72,2008,1103,71,2051,1130,78
"Bronckhorst",18,16,"",18,17,"",28,14,"",30,17,"",30,12,"",30,16,"",30,20,"",32,29,"",36,25,"",37,31,"",40,33,"",38,38,"",38,43,"",40,37,"",43,57,"",65,55,"",72,59,"",80,38,"",81,40,1,81,47,1,89,43,1,89,63,2,91,100,2,110,92,2,114,94,2
"Brummen",4,15,"",14,16,"",16,8,"",16,9,"",16,8,"",16,10,"",20,11,"",24,11,"",26,17,"",24,16,"",28,17,"",30,18,"",35,22,"",41,22,"",50,47,"",58,46,"",62,48,"",68,25,"",80,33,"",87,34,"",87,30,"",103,34,"",92,61,"",92,67,"",96,75,""
"Brunssum",16,8,"",18,8,"",18,7,"",18,7,"",18,7,"",18,7,"",20,11,"",20,7,"",22,11,"",28,11,"",28,13,"",28,14,"",32,14,"",34,11,"",35,10,"",74,10,"",96,14,"",100,14,"",116,17,"",116,17,"",122,17,"",120,25,"",121,30,"",121,46,2,121,48,2
"Bunnik",56,30,6,49,44,26,49,41,10,61,31,8,72,25,20,72,39,26,72,43,26,72,36,26,71,36,26,77,27,24,77,37,26,71,52,22,73,55,24,71,56,24,69,71,56,77,80,34,79,82,44,85,74,42,89,72,42,93,71,42,95,65,42,107,69,42,74,90,41,76,86,41,76,96,41
"Bunschoten",4,27,"",4,27,"",6,21,"",6,19,"",6,23,"",8,27,"",24,25,"",26,25,"",32,33,"",36,29,"",36,33,"",42,33,"",54,27,2,56,28,2,56,45,2,58,46,2,60,44,2,64,41,2,64,37,2,76,47,2,76,51,2,76,60,2,78,77,"",91,81,"",91,93,2
"Buren",8,15,"",10,17,"",12,2,"",18,2,"",18,2,"",22,2,"",20,2,"",20,8,"",21,8,"",20,8,"",20,15,2,41,13,2,44,20,2,69,11,2,103,14,2,99,17,2,107,19,2,125,19,2,126,26,2,130,27,2,132,27,2,143,46,2,86,110,"",104,110,"",108,109,""
"Capelle aan den IJssel",87,133,"",91,134,3,110,119,8,150,134,8,167,127,6,173,137,6,198,163,10,208,174,14,230,184,14,248,201,14,264,227,14,269,258,17,129,214,12,337,260,18,345,374,18,377,378,18,409,348,18,419,301,21,475,336,21,492,360,21,504,320,29,561,337,29,533,403,30,558,443,20,587,432,26
"Castricum",64,36,2,56,39,2,90,32,2,90,32,2,100,26,8,117,26,10,122,28,10,134,34,10,158,34,10,172,36,10,174,35,10,169,35,9,171,38,9,173,37,9,186,37,17,192,38,9,209,41,9,237,27,9,261,27,9,269,36,17,269,36,17,288,41,17,276,67,18,275,42,18,278,49,18
"Coevorden",3,18,"",7,16,"",7,13,"",7,12,"",9,14,"",9,16,"",9,20,"",9,24,"",9,24,"",17,21,"",15,27,"",27,25,"",33,27,2,30,31,2,40,47,3,54,44,9,51,45,7,53,38,7,59,43,7,65,54,9,66,55,9,81,76,25,65,92,22,78,91,21,76,96,21
"Cranendonck",6,14,"",6,19,"",6,15,"",6,15,"",8,15,"",8,9,"",10,17,"",12,17,"",12,19,4,12,20,4,12,22,4,14,32,10,18,32,10,22,34,16,42,27,16,44,28,16,44,31,16,48,32,17,52,30,17,52,46,18,52,43,18,52,39,14,48,50,20,50,52,18,48,60,18
"Culemborg",47,33,"",55,35,"",89,46,"",101,46,"",118,29,"",117,46,"",124,43,"",119,29,"",150,61,"",186,51,"",160,57,"",177,66,"",194,48,"",173,58,"",158,104,"",179,114,"",156,167,"",256,65,"",266,65,4,321,87,4,306,94,4,319,101,4,361,100,8,400,98,8,400,104,8
"Dalfsen",28,14,"",28,14,"",28,9,"",32,11,"",32,11,"",34,12,"",36,17,"",36,15,"",41,13,"",38,15,"",43,17,"",44,21,"",52,19,"",55,19,"",63,34,"",67,44,"",83,49,"",91,46,"",92,48,2,92,51,2,92,53,2,106,63,2,100,83,4,100,100,6,85,124,10
"Dantumadiel",6,7,"",6,9,"",6,6,"",6,6,"",6,6,"",6,6,"",6,6,"",6,6,"",6,2,"",6,6,"",6,6,"",6,6,"",6,4,"",6,6,"",6,6,"",5,6,"",7,8,"",7,7,"",10,7,"",10,7,"",8,7,"",10,10,"",8,17,"",12,15,"",14,12,""
"De Bilt",88,67,"",80,78,"",105,53,"",107,57,"",123,52,"",132,26,"",138,30,"",136,33,"",152,34,"",159,37,"",170,44,8,176,46,7,177,50,7,180,47,7,185,79,7,190,104,7,190,118,7,224,76,12,226,74,12,224,96,13,226,86,15,245,99,14,246,120,9,224,131,8,236,119,8
"De Fryske Marren",10,30,"",15,28,"",15,24,"",14,26,"",15,29,"",20,39,1,19,43,"",15,43,2,21,54,2,27,58,2,27,68,6,35,71,8,29,83,2,50,91,2,64,115,2,70,102,2,77,113,2,96,96,3,102,115,4,104,191,8,114,163,15,123,186,15,86,193,15,85,189,15,94,207,15
"De Ronde Venen",82,56,"",82,60,"",94,41,"",90,50,"",100,44,"",105,49,"",112,61,"",144,62,"",188,62,"",192,62,"",192,81,"",196,87,"",202,80,"",202,79,"",188,134,"",171,158,"",159,176,"",238,85,"",258,103,"",266,112,"",264,121,"",277,119,"",272,137,"",303,151,"",311,156,4
"De Wolden",2,9,6,14,10,6,16,7,6,18,11,6,20,11,6,20,12,6,20,12,12,22,12,12,26,12,12,26,15,12,26,22,12,28,24,12,28,33,16,28,34,16,28,39,16,41,24,16,47,26,16,49,20,24,51,20,24,50,20,24,50,19,24,62,51,16,70,41,16,68,33,18,74,41,16
"Delft",190,154,5,200,160,5,214,140,6,241,145,6,254,150,4,263,185,6,301,236,6,321,247,12,376,243,12,359,295,12,373,301,12,413,352,15,176,345,19,452,460,22,492,482,22,511,473,23,543,463,27,572,297,28,681,334,26,724,365,26,750,331,26,829,373,30,776,586,27,793,545,25,787,479,24
"Den Haag",2064,524,9,2158,555,9,2289,486,10,2497,503,10,2674,542,10,2910,604,19,3163,670,14,3277,607,24,3434,924,30,3502,1010,32,3588,1243,47,3778,1416,46,3940,1464,43,4241,1606,52,4259,1790,53,4295,1881,57,4205,2139,58,4314,1977,59,4443,1989,54,4624,2133,54,4808,1933,61,4996,1939,64,5551,1711,64,6053,1897,64,6190,1902,70
"Den Helder",53,39,"",49,39,"",57,28,"",55,33,"",62,34,"",66,40,"",70,56,"",74,58,"",94,66,2,106,68,2,112,72,"",124,77,"",124,74,"",136,90,"",143,96,"",148,98,"",160,116,2,181,106,2,183,103,2,189,113,2,191,113,2,194,120,2,198,162,5,210,159,3,211,164,5
"Deurne",21,15,"",25,17,"",27,9,"",31,9,"",33,13,2,37,21,3,39,20,2,41,22,"",41,22,"",55,18,"",56,20,"",54,21,1,55,23,1,65,20,"",97,28,1,107,47,1,117,50,3,121,50,3,133,75,2,139,88,2,145,81,2,147,78,2,148,92,2,147,102,"",148,108,1
"Deventer",97,158,"",113,160,8,137,121,8,154,128,"",166,114,2,164,172,10,164,191,12,174,197,16,184,207,12,186,194,16,192,199,34,239,177,32,236,252,32,245,276,31,302,373,50,355,352,31,447,395,30,445,313,34,499,357,34,532,400,37,564,397,37,648,490,39,558,558,35,556,622,35,536,602,36
"Diemen",42,125,"",44,123,"",56,101,"",68,60,"",85,57,"",95,21,"",108,57,"",112,65,"",132,70,"",151,62,"",161,70,"",177,107,"",180,109,"",184,133,"",201,188,"",201,179,"",205,182,2,225,106,5,246,136,5,250,155,"",254,148,"",267,173,"",261,196,"",256,199,"",280,255,2
"Dijk en Waard",134,61,"",128,67,"",158,48,"",160,62,"",168,59,"",174,55,1,186,79,"",200,72,"",222,75,"",258,68,"",276,81,"",280,88,"",285,85,"",294,84,"",325,140,"",338,153,2,364,149,2,441,121,6,444,135,8,465,143,10,470,138,10,471,152,12,499,169,12,478,193,14,513,210,12
"Dinkelland",12,12,4,12,11,4,12,5,4,14,7,4,14,9,5,14,11,5,14,13,5,14,13,5,14,19,5,14,27,5,20,30,16,22,41,16,21,49,16,24,39,18,26,46,16,26,50,21,29,61,19,31,69,19,31,77,21,39,91,21,35,107,21,53,114,20,46,121,25,46,118,24,46,119,24
"Doesburg",9,4,"",9,4,"",9,3,"",9,3,"",9,3,"",9,3,"",8,5,"",8,5,"",8,5,"",11,3,"",12,3,"",12,3,"",16,2,"",14,2,"",22,8,"",26,9,"",24,13,"",30,8,"",46,11,"",48,8,"",50,7,"",50,7,"",60,10,"",62,12,"",59,19,""
"Doetinchem",16,43,"",18,47,"",28,38,"",34,44,"",34,43,"",36,55,"",34,62,"",34,67,"",44,59,"",45,70,4,55,65,1,65,69,5,72,71,5,75,85,"",96,101,2,112,130,2,131,147,8,155,107,5,167,117,10,180,145,10,207,163,10,211,113,6,224,160,8,233,197,8,240,203,14
"Dongen",30,14,"",40,13,"",46,3,"",48,3,"",47,4,"",48,6,"",50,3,"",51,6,"",53,8,"",70,7,"",90,19,"",92,18,"",92,17,"",96,19,"",73,56,2,67,84,2,71,103,2,150,19,2,151,25,2,162,36,2,170,41,1,176,74,1,240,33,2,261,34,2,264,48,2
"Dordrecht",233,118,20,241,126,20,247,99,20,262,108,20,283,111,18,304,144,29,327,176,28,342,178,32,362,181,32,390,194,34,416,178,36,441,168,39,471,174,43,523,255,42,540,402,60,540,504,44,510,590,44,794,277,64,848,296,68,891,450,70,1043,489,70,1163,557,66,1324,519,62,1394,473,64,1401,535,66
"Drechterland",10,6,"",12,6,"",16,5,"",16,5,"",16,5,"",18,4,"",18,9,"",18,8,"",18,10,"",17,8,"",21,14,"",20,15,"",20,25,"",20,26,"",22,27,"",24,26,"",24,27,"",36,24,"",44,24,"",52,24,"",50,24,"",54,29,"",60,29,"",61,27,"",64,28,""
"Drimmelen",34,9,"",34,10,"",38,5,"",42,5,"",44,4,"",49,4,1,48,6,"",48,6,"",54,8,"",57,10,"",90,9,"",90,13,"",92,9,"",106,16,"",138,14,"",138,14,"",156,22,"",163,30,"",167,34,"",171,36,"",171,32,"",177,35,2,176,65,"",188,73,"",184,81,""
"Dronten",8,63,"",6,69,"",23,57,"",31,53,"",37,51,"",35,57,3,41,66,2,39,67,2,47,59,2,57,70,2,61,78,2,61,80,4,69,86,4,85,82,2,88,94,2,90,87,2,110,123,2,112,109,8,112,114,8,118,145,10,118,107,10,124,142,10,119,172,10,118,160,11,120,158,12
"Druten",18,17,"",20,20,"",20,12,"",22,12,"",22,9,"",26,10,"",26,12,"",28,12,"",31,12,"",30,15,"",30,15,"",30,15,"",31,17,"",41,16,"",45,27,"",45,29,"",47,31,"",51,19,"",54,26,"",55,30,"",53,27,"",65,19,"",66,52,"",74,61,"",76,78,""
"Duiven",12,34,"",12,44,16,19,21,20,14,20,20,18,28,20,18,82,20,28,84,20,28,82,22,70,100,22,110,87,26,118,106,18,116,111,18,128,136,18,171,153,22,92,237,50,126,213,26,96,248,26,190,160,26,190,170,26,188,185,26,176,198,26,180,227,26,144,216,26,155,318,26,150,368,26
"Echt-Susteren",28,6,"",28,6,"",30,3,"",34,5,"",34,5,"",34,5,"",34,5,"",34,5,"",36,8,2,40,7,2,38,12,2,43,12,2,44,16,2,71,26,10,81,25,10,87,26,10,87,27,10,87,28,16,87,31,16,87,44,19,87,44,18,94,74,18,92,51,14,93,82,14,95,82,18
"Edam-Volendam",60,20,"",68,24,"",70,15,"",70,15,"",70,15,"",76,18,"",79,18,"",86,16,"",94,18,"",92,15,"",101,17,"",110,20,"",120,21,"",124,21,"",131,29,"",147,23,"",164,30,"",191,24,"",198,25,"",206,38,"",208,38,"",208,46,"",218,48,2,228,46,2,232,38,2
"Ede",152,170,4,170,171,4,198,135,4,214,147,4,211,141,4,239,159,8,250,183,8,268,188,12,320,182,12,331,200,17,364,212,25,407,220,25,371,267,29,500,295,33,539,360,33,551,363,33,597,389,33,634,334,33,672,338,33,694,376,31,730,364,35,795,420,39,810,485,29,838,525,24,836,518,27
"Eemnes",31,14,5,25,15,5,31,12,5,31,18,5,35,16,5,37,16,9,37,15,21,41,17,21,44,18,21,41,20,21,41,20,9,48,20,26,50,18,35,55,18,35,57,31,69,61,43,37,51,45,37,65,40,37,73,37,37,79,37,37,85,33,45,85,31,45,76,67,46,86,67,44,92,68,44
"Eemsdelta",6,15,"",6,19,"",6,22,"",6,24,"",6,22,"",6,30,"",10,34,"",10,37,"",20,48,"",14,48,"",20,48,"",24,50,2,18,88,2,21,98,2,25,123,2,35,136,2,50,164,3,70,130,1,76,140,1,116,148,1,124,155,2,126,177,1,148,167,5,176,163,5,186,137,5
"Eersel",35,45,"",35,52,"",35,46,"",41,58,"",41,57,"",41,62,"",41,75,"",43,65,"",43,71,"",51,57,"",53,67,"",61,67,"",71,65,"",73,67,"",108,79,"",114,77,10,122,82,10,124,68,14,129,75,14,139,75,14,145,76,12,167,73,14,98,42,6,100,60,6,102,71,6
"Eijsden-Margraten",13,11,4,13,12,4,13,7,4,13,7,4,15,7,5,15,7,5,15,11,5,14,10,7,14,10,7,13,11,7,18,13,7,20,12,14,24,13,14,24,15,14,24,18,16,26,19,16,26,17,18,43,15,18,74,15,18,80,20,16,79,21,18,81,21,18,78,43,20,70,70,20,68,77,18
"Eindhoven",463,275,36,526,299,44,568,265,48,569,293,51,575,347,38,579,376,53,623,445,53,601,402,52,673,499,53,735,519,52,784,630,53,955,569,42,1191,504,43,1124,672,57,1093,810,84,1203,859,62,1254,996,58,1477,1009,63,1504,1206,63,1743,1315,70,1787,1327,71,1852,1631,74,1920,1502,76,2009,1560,78,1956,1648,76
"Elburg",11,15,2,13,16,2,13,9,2,13,9,2,15,13,"",17,16,2,19,16,2,25,24,2,27,20,2,29,20,2,33,19,2,37,19,1,41,19,1,43,21,1,69,23,1,77,23,1,81,26,1,115,20,1,131,26,2,141,46,2,147,48,2,155,53,2,165,69,3,175,71,3,179,71,3
"Emmen","",73,"",18,81,"",35,80,"",39,66,"",51,64,"",58,80,"",87,94,8,87,106,10,96,115,10,160,116,10,173,134,10,191,127,17,193,143,17,196,132,17,213,157,30,216,167,24,223,178,25,227,152,25,244,166,25,301,179,27,325,169,29,398,225,31,388,264,30,420,253,32,428,264,30
"Enkhuizen",22,12,"",30,10,"",32,12,"",32,14,"",38,10,"",38,10,"",38,41,"",38,41,"",38,43,"",40,22,"",40,18,"",42,39,"",42,39,"",40,46,"",44,46,"",44,54,"",44,55,"",56,50,"",52,50,"",56,51,"",52,51,"",54,61,"",70,81,"",69,81,"",76,83,""
"Enschede",105,116,4,117,117,4,137,116,4,157,120,6,173,121,6,187,137,22,211,172,54,211,176,28,235,162,26,232,187,11,274,193,21,300,226,27,298,236,28,307,264,30,354,317,30,390,334,34,428,367,33,479,339,34,523,365,55,546,481,76,580,491,74,692,554,70,646,631,68,676,655,66,672,629,76
"Epe",9,18,"",11,18,"",13,22,"",17,22,"",21,26,"",21,25,"",21,69,"",27,56,"",33,51,"",33,51,"",33,64,"",37,75,"",42,77,2,67,72,2,68,140,2,79,117,2,76,138,2,90,105,4,110,105,4,114,109,6,124,108,6,124,120,6,108,127,8,110,156,8,112,166,8
"Ermelo",22,20,"",24,26,"",34,19,"",36,28,"",42,24,"",42,27,"",46,28,"",46,29,"",50,44,"",52,48,"",56,44,"",58,41,"",62,43,"",68,43,"",86,64,"",92,62,"",98,64,"",130,54,"",148,53,"",162,55,"",168,61,"",178,71,"",164,113,"",172,106,"",178,103,""
"Etten-Leur",63,28,"",69,29,"",70,28,"",76,29,"",78,29,"",82,30,16,92,35,24,96,29,10,102,34,10,105,37,10,113,42,10,118,40,11,116,62,11,124,58,11,143,94,11,167,106,11,205,109,11,225,87,11,229,97,11,234,111,14,268,111,14,276,121,14,283,130,12,288,172,10,287,188,22
"Geertruidenberg",30,33,"",30,34,"",30,30,"",40,30,"",40,32,"",40,39,2,46,43,"",52,52,"",54,52,"",54,54,"",54,54,"",60,56,"",72,66,"",86,75,"",138,67,"",146,69,"",150,77,"",158,60,"",178,60,"",176,62,"",190,62,1,199,82,1,186,97,1,189,107,1,189,108,1
"Geldrop-Mierlo",33,13,"",33,12,"",45,7,"",57,15,"",57,19,"",70,17,"",86,17,"",85,17,2,88,19,6,92,19,6,88,21,6,105,29,6,127,35,6,162,29,6,216,57,6,231,49,8,239,65,8,239,50,16,236,69,16,234,81,17,248,83,19,250,73,19,249,92,19,251,93,19,252,94,17
"Gemert-Bakel",22,14,"",20,15,"",20,13,"",22,15,"",22,17,"",22,15,"",24,14,"",24,16,"",28,24,2,38,26,1,38,29,2,40,51,2,40,47,2,60,40,2,78,40,3,80,44,3,80,48,5,82,49,5,82,47,4,98,47,8,98,47,8,100,57,8,100,59,9,98,63,9,102,63,9
"Gennep",11,11,"",11,13,"",13,11,"",15,11,"",15,11,"",15,14,"",15,22,"",15,23,"",15,24,"",25,31,"",19,31,"",19,39,"",23,46,"",33,49,"",43,71,"",46,78,"",54,102,"",67,78,"",65,82,"",67,97,"",67,101,"",71,86,"",68,89,"",66,98,"",66,97,""
"Gilze en Rijen",34,16,"",42,18,"",42,12,"",46,12,"",48,12,"",52,12,8,58,12,8,58,12,8,60,16,8,61,18,8,72,13,8,72,15,10,98,19,15,112,29,15,122,65,15,126,67,15,130,77,19,136,52,23,166,33,13,176,38,14,178,61,14,188,60,18,146,96,23,148,101,21,148,111,15
"Goeree-Overflakkee",115,39,"",117,47,2,135,44,2,136,52,2,128,58,2,131,85,2,132,110,2,138,120,2,192,120,6,213,156,4,229,155,6,227,188,6,245,195,6,266,199,4,259,248,4,247,281,4,245,318,4,347,204,18,360,216,17,356,223,17,348,236,15,352,270,15,458,146,16,478,160,15,481,159,18
"Goes",16,95,8,18,98,8,26,94,8,33,96,8,34,109,11,38,102,11,40,113,10,44,113,12,63,140,13,51,160,17,64,156,17,69,154,20,61,168,20,71,159,27,79,174,27,86,176,27,80,201,32,80,198,32,83,216,36,89,254,35,156,245,31,160,233,34,141,359,33,145,366,33,148,305,33
"Goirle",17,12,"",24,12,"",24,7,"",28,7,"",28,7,"",33,10,"",40,19,"",40,19,"",42,13,"",43,11,"",45,13,"",49,39,"",73,41,"",106,47,"",135,42,"",138,49,"",134,63,"",140,62,"",142,72,1,158,80,1,157,82,1,157,78,1,159,86,2,157,87,6,159,96,6
"Gooise Meren",152,64,6,136,69,23,181,56,35,204,60,35,216,56,35,234,56,35,252,54,44,265,58,44,285,64,44,305,65,44,321,68,69,331,76,57,347,84,25,358,98,27,372,132,29,384,153,29,371,158,39,422,125,60,440,165,40,448,208,42,455,192,42,477,228,44,486,331,46,448,312,41,479,308,47
"Gorinchem",54,59,"",54,59,"",58,62,"",60,66,"",62,66,"",77,66,"",94,79,"",83,78,4,93,84,4,89,88,4,91,88,2,92,93,4,102,126,4,114,120,2,146,192,7,154,221,8,168,214,8,179,168,8,195,204,32,209,223,30,217,225,30,247,213,42,247,194,41,259,196,40,260,211,40
"Gouda",125,92,12,138,95,16,143,68,16,138,74,16,158,68,16,145,75,16,182,116,16,184,120,16,214,119,17,274,82,19,312,94,19,354,94,19,156,114,24,395,125,24,387,170,40,415,153,24,433,150,24,468,148,24,453,199,28,491,207,28,513,223,28,559,182,28,589,193,33,610,223,43,609,204,45
"Groningen",247,324,6,257,353,6,302,301,5,368,324,6,377,326,2,428,355,18,436,449,18,445,445,20,481,461,20,488,474,30,534,536,32,583,520,31,597,542,35,671,718,32,792,887,33,811,786,32,815,801,32,818,709,33,839,874,33,852,991,36,873,944,44,882,1135,49,882,1172,56,953,1373,58,997,1234,69
"Gulpen-Wittem",5,8,"",7,10,"",7,14,"",7,16,"",7,19,"",7,21,"",7,21,"",7,20,"",7,39,"",9,35,"",11,42,"",11,50,"",11,56,"",21,49,"",22,50,"",38,57,1,46,54,1,46,54,1,48,58,1,49,79,2,47,81,2,49,74,2,43,72,2,44,72,2,44,76,2
"Haaksbergen",2,22,"",4,22,"",7,15,"",13,15,"",11,13,"",11,17,3,15,20,1,15,22,1,11,29,1,11,38,1,11,52,1,17,53,1,17,59,"",23,57,"",35,64,"",41,64,"",56,63,"",66,67,"",70,69,4,94,79,4,96,76,4,102,82,8,92,88,7,96,87,8,98,85,8
"Haarlem",267,125,8,311,160,8,416,118,8,435,126,8,486,84,8,505,97,8,515,106,8,537,123,8,567,126,8,581,129,8,634,131,8,726,123,8,760,129,8,768,184,14,757,246,14,785,286,14,755,295,23,839,298,37,861,378,39,879,430,45,886,349,43,917,293,41,891,524,35,815,516,39,889,518,36
"Haarlemmermeer",356,710,60,354,744,70,411,631,71,429,645,72,465,642,62,494,821,70,512,864,87,509,866,73,556,868,80,532,921,76,536,1052,82,533,1086,83,535,1140,104,555,1391,102,583,1698,136,606,1721,107,563,1808,114,660,1377,97,719,1702,92,777,1861,121,809,1595,134,879,1921,148,706,1999,133,645,2131,116,710,2033,116
"Halderberge",21,9,"",21,12,"",23,7,"",33,7,"",43,9,"",43,11,"",45,29,"",51,30,"",58,29,"",54,28,"",63,37,4,74,36,4,72,41,4,75,39,4,75,43,4,75,56,4,73,59,4,73,54,4,91,53,4,91,67,20,87,67,20,116,90,20,114,82,20,104,120,22,116,139,22
"Hardenberg",16,58,"",20,61,"",20,61,"",43,69,2,55,68,2,55,72,2,61,81,2,63,84,4,71,75,4,74,86,4,75,86,4,81,152,4,83,170,4,84,184,8,90,191,8,122,178,11,144,197,11,180,189,15,261,125,14,267,147,15,272,151,15,310,189,16,221,263,14,220,283,20,210,302,18
"Harderwijk",70,57,"",76,57,"",81,52,"",82,52,"",86,60,"",94,70,"",96,81,4,110,85,6,124,105,2,123,99,6,126,114,10,147,132,12,170,148,14,203,173,14,230,249,44,185,317,27,169,386,27,331,305,27,390,266,27,387,276,29,425,253,31,455,254,39,416,367,29,476,422,27,494,358,28
"Hardinxveld-Giessendam",14,20,2,14,27,2,17,26,2,18,32,2,18,30,2,18,38,2,22,44,4,24,42,6,24,40,6,27,35,6,27,28,6,26,30,6,29,31,6,27,48,14,29,73,14,39,88,14,35,114,14,87,85,14,103,85,14,103,95,14,109,101,14,110,130,14,154,118,14,160,114,14,160,112,14
"Harlingen",12,19,"",10,19,"",12,27,"",12,31,"",12,31,"",12,35,"",18,40,"",24,41,2,24,41,2,17,35,2,26,36,2,32,36,2,36,35,2,38,44,"",56,39,"",62,39,"",56,46,"",56,41,"",58,38,"",66,54,"",76,46,"",92,61,"",86,81,2,87,73,2,90,73,2
"Hattem",12,7,"",12,9,"",14,4,"",16,4,"",16,4,"",16,4,"",18,4,"",20,4,"",24,4,"",24,4,"",28,2,"",34,2,"",54,2,"",50,6,"",34,22,"",36,34,"",32,40,"",68,6,"",68,12,"",78,6,"",84,7,2,92,12,2,91,9,2,98,8,2,100,11,2
"Heemskerk",57,10,4,51,11,4,59,4,4,71,8,4,78,8,4,77,8,6,81,10,6,87,7,6,94,7,6,106,9,6,114,9,6,126,9,6,132,12,6,144,12,6,150,31,6,158,33,6,138,33,8,170,13,8,172,21,8,172,23,8,172,23,8,180,26,8,194,37,8,206,31,8,217,42,8
"Heemstede",27,31,"",27,33,"",35,8,"",33,8,"",33,8,"",33,7,"",33,8,"",33,10,"",37,18,"",43,15,"",43,17,"",49,14,"",56,18,"",57,20,"",63,33,"",91,31,"",99,30,"",98,21,"",108,20,"",110,19,"",114,18,"",116,47,"",229,19,"",250,20,"",248,17,""
"Heerde",6,27,3,8,28,3,8,15,3,12,15,3,12,17,3,14,15,3,16,15,3,20,15,3,24,17,3,21,21,8,27,18,8,27,20,8,31,20,6,54,29,10,52,55,10,55,57,10,55,58,10,57,31,10,64,34,10,70,36,10,80,36,10,82,38,10,82,40,10,84,54,10,84,59,10
"Heerenveen",25,88,2,25,103,2,31,72,2,29,108,2,54,114,"",56,100,2,61,125,2,63,124,4,103,131,4,101,142,5,109,142,7,109,137,6,122,154,8,117,182,7,117,263,8,131,280,11,115,301,13,163,220,13,181,237,12,200,245,15,211,237,13,213,268,17,162,332,11,186,312,17,186,291,17
"Heerlen",35,74,2,51,75,2,59,60,2,63,72,2,73,78,"",81,86,3,85,92,2,94,79,11,110,105,12,114,111,10,112,152,13,116,161,11,166,165,11,196,170,10,200,219,10,211,271,10,247,301,10,336,265,19,330,298,21,349,315,25,373,303,25,407,319,29,337,321,24,342,357,25,348,358,25
"Heeze-Leende",10,19,"",10,21,"",12,12,"",12,13,"",12,13,"",12,15,"",12,15,"",12,16,"",12,17,"",12,16,"",10,31,"",14,32,"",18,33,"",18,34,"",38,37,"",42,37,"",46,35,"",54,23,"",55,25,"",56,34,"",60,32,"",62,33,"",48,63,"",48,69,"",48,66,""
"Heiloo",28,31,"",40,31,"",56,17,"",52,29,"",55,29,"",68,29,"",70,22,"",80,33,"",86,33,"",98,28,"",96,34,"",103,34,"",113,30,"",112,31,"",118,34,"",120,31,"",128,30,"",138,32,2,146,32,3,154,40,2,152,40,2,152,42,2,162,34,2,156,37,2,166,37,2
"Hellendoorn",12,23,"",12,24,"",15,18,"",17,22,"",19,29,"",21,36,"",23,42,"",23,41,"",29,37,"",31,38,"",33,52,"",35,69,"",43,66,"",48,80,"",54,87,"",75,97,2,87,97,6,93,76,6,101,80,6,107,89,6,105,90,6,115,100,6,114,109,8,128,129,8,126,133,8
"Helmond",71,66,"",77,78,"",77,58,"",94,62,"",109,67,"",113,68,5,114,68,4,112,69,6,126,82,6,138,83,8,136,91,8,146,105,8,160,124,8,181,129,8,182,178,8,207,201,9,282,217,9,291,166,9,302,188,9,348,211,6,356,199,6,365,214,12,350,268,3,348,268,10,356,285,9
"Hendrik-Ido-Ambacht",92,23,5,96,26,5,100,7,5,106,8,7,108,7,3,120,10,15,120,14,14,122,14,18,123,12,18,133,21,17,138,25,21,148,25,20,154,25,20,155,24,20,148,49,19,166,58,19,162,79,19,220,23,19,238,23,19,246,26,21,252,57,21,254,62,27,245,77,25,289,78,26,281,76,26
"Hengelo",59,126,2,61,137,2,77,132,2,83,120,2,99,110,"",119,156,3,125,197,6,125,214,18,143,213,18,147,218,18,154,227,24,164,216,23,170,214,24,171,472,24,194,322,40,249,326,23,288,342,23,290,269,26,311,284,25,342,290,25,346,288,25,404,315,28,350,325,29,363,316,24,354,355,28
"Het Hogeland",11,25,"",11,25,"",15,20,"",21,20,"",33,18,"",45,16,3,46,16,"",48,18,"",54,32,1,51,33,1,55,49,1,62,49,1,73,43,1,67,48,1,74,75,1,91,89,1,91,89,"",91,79,5,99,83,1,115,94,2,115,96,6,137,112,7,134,141,11,153,153,6,153,228,6
"Heumen",6,11,"",8,31,"",11,24,"",15,24,"",32,4,"",38,6,"",36,8,"",36,8,"",40,8,"",44,10,"",49,10,"",54,10,"",52,10,"",54,10,"",54,16,"",46,29,8,46,32,8,80,6,8,82,6,8,90,6,8,92,10,"",103,14,2,92,30,2,94,30,2,96,32,2
"Heusden",30,32,"",32,42,"",33,32,"",48,30,"",48,39,"",50,35,"",56,43,"",58,42,"",64,60,"",74,43,"",80,45,"",86,41,"",96,37,"",166,49,4,195,84,8,196,80,8,215,100,8,213,70,8,223,78,8,227,86,8,241,88,8,243,92,12,229,121,8,242,130,4,246,156,4
"Hillegom",26,14,"",32,14,"",37,12,"",38,12,"",50,12,"",54,12,"",60,12,"",66,12,"",72,13,2,68,13,2,73,14,2,75,13,2,77,12,2,77,23,2,78,16,2,81,14,2,81,20,4,82,22,4,82,22,4,83,30,4,81,30,4,81,52,2,92,43,4,114,52,4,114,58,4
"Hilvarenbeek",7,20,"",9,19,"",10,15,"",12,15,"",12,15,"",12,15,"",12,17,"",14,19,"",20,12,"",20,12,"",26,21,"",36,19,"",38,21,"",43,25,"",55,31,"",56,35,"",54,39,"",60,39,"",68,38,"",76,45,"",76,45,"",80,43,"",52,34,"",52,33,"",52,34,""
"Hilversum",128,229,"",125,254,"",168,184,1,180,195,1,210,183,1,227,194,1,244,265,1,258,254,"",292,260,"",300,271,2,301,277,2,327,295,2,332,322,2,360,327,2,389,559,2,402,575,4,406,536,4,441,406,11,467,398,10,497,413,11,504,449,11,499,536,11,399,547,11,371,531,11,415,527,11
"Hoeksche Waard",146,114,2,160,114,2,164,71,2,168,76,2,170,78,2,176,92,2,188,106,10,192,103,10,218,112,10,245,113,12,276,134,12,282,136,12,329,145,12,406,126,14,449,187,14,486,195,16,549,208,14,611,150,22,671,174,22,702,185,22,725,169,24,733,198,24,764,305,28,800,259,44,801,265,46
"Hof van Twente",8,33,"",16,32,"",24,26,"",28,28,"",30,26,"",30,23,"",36,30,"",36,32,"",40,34,"",36,34,"",44,33,"",46,40,"",50,40,"",50,46,"",52,72,1,56,77,1,67,81,3,77,69,3,82,101,3,94,118,5,96,102,5,101,105,7,92,119,7,106,106,7,106,108,7
"Hollands Kroon",12,16,3,14,16,3,18,7,3,28,7,3,30,7,3,37,9,7,38,11,7,42,12,7,50,14,7,75,20,7,74,28,7,95,31,7,98,28,7,106,37,9,104,71,9,118,85,10,122,86,12,142,59,14,142,71,25,157,83,28,149,73,31,154,117,31,146,85,29,159,99,22,166,110,23
"Hoogeveen",20,33,2,26,34,2,32,37,2,34,36,2,36,33,"",42,40,2,46,57,2,52,62,2,68,72,2,68,81,"",73,92,"",78,87,"",80,121,3,81,135,7,82,158,9,88,149,16,85,165,12,93,158,25,104,159,30,114,175,41,114,186,45,158,213,31,126,256,25,140,253,24,143,269,25
"Hoorn",80,49,12,78,50,12,90,34,12,94,34,12,106,32,12,114,40,12,143,44,16,175,38,12,208,44,15,253,60,15,264,55,15,292,64,19,302,77,16,317,75,21,341,85,34,357,106,25,362,105,25,392,120,25,378,130,26,396,135,28,413,144,31,429,162,33,421,177,33,428,175,32,442,180,32
"Horst aan de Maas",18,19,18,18,18,18,21,11,18,23,13,18,25,17,12,24,20,18,24,26,18,26,26,18,54,27,18,60,34,18,59,45,18,66,55,17,71,51,17,71,84,18,66,174,38,64,178,24,116,173,24,118,143,24,120,134,29,157,173,31,176,183,28,189,187,28,168,215,28,167,250,28,168,258,29
"Houten",82,109,"",100,117,3,118,79,4,126,87,4,150,83,8,162,115,8,177,181,6,189,174,6,189,158,6,198,171,6,210,168,6,214,206,6,287,220,6,280,244,6,263,222,6,290,206,6,287,207,6,325,204,8,325,195,8,322,252,8,332,247,10,363,272,10,381,293,8,346,274,5,365,268,5
"Huizen",70,54,"",70,53,"",86,36,"",98,40,"",116,38,"",122,40,2,140,43,"",142,43,"",152,35,"",171,39,"",178,37,"",188,34,"",190,38,"",204,34,"",215,55,"",245,66,2,226,84,2,229,67,2,230,84,2,238,70,2,248,66,2,254,71,2,290,85,2,278,87,2,288,82,2
"Hulst",8,11,"",10,13,"",21,10,"",17,18,"",15,19,"",17,17,"",17,23,"",17,31,"",17,31,"",17,30,"",17,33,"",17,33,"",27,48,"",25,53,"",31,58,"",37,59,"",39,61,"",43,59,"",81,73,"",89,85,1,89,89,3,86,78,1,120,43,4,120,42,2,132,40,6
"IJsselstein",54,31,"",44,35,"",58,26,"",58,27,"",60,27,"",60,33,"",60,33,"",86,37,2,94,40,2,111,39,2,112,46,2,124,48,2,125,53,2,137,57,2,151,96,2,171,101,6,161,107,2,185,67,2,197,72,2,201,76,4,199,70,6,209,70,6,232,97,6,226,93,6,236,102,6
"Kaag en Braassem",40,29,"",44,29,"",46,14,"",56,16,"",56,22,"",52,39,"",66,61,"",64,67,"",96,65,"",134,20,"",126,38,"",129,37,"",44,21,"",156,37,"",160,64,"",150,71,"",188,53,"",194,36,"",208,42,"",220,42,"",220,34,"",228,40,"",255,45,"",255,35,"",256,34,""
"Kampen",32,30,"",46,32,"",58,26,"",68,26,"",70,26,"",77,29,"",83,34,"",83,41,2,101,42,2,109,39,2,113,38,2,123,41,2,125,45,2,143,46,6,164,97,10,207,105,11,231,106,11,263,69,15,284,73,21,296,87,23,302,83,23,315,83,29,297,90,27,303,86,24,295,94,26
"Kapelle",6,19,"",6,22,"",14,17,"",12,21,"",6,25,"",8,28,"",12,35,"",14,36,"",22,42,"",18,50,"",20,60,"",10,76,"",14,72,"",20,75,"",32,77,"",30,88,"",42,75,"",42,83,"",42,85,"",44,92,"",44,96,2,50,88,2,134,33,2,129,32,2,130,32,2
"Katwijk",134,30,"",166,32,"",174,10,"",192,10,"",196,10,"",208,12,"",208,22,"",216,36,"",228,42,"",239,43,"",254,58,"",275,52,"",333,56,"",359,68,"",325,136,"",309,182,"",305,226,"",517,71,"",641,92,"",780,112,"",763,134,"",769,143,"",863,119,"",874,112,2,897,121,2
"Kerkrade",14,16,"",16,15,"",22,23,"",26,25,"",30,28,"",40,24,"",44,27,"",50,25,2,50,35,2,51,32,2,50,35,2,56,31,2,60,36,2,158,35,2,188,34,2,194,60,2,210,60,2,226,34,2,236,34,2,238,49,2,253,47,2,251,46,2,248,56,4,250,74,4,248,73,4
"Koggenland",12,12,"",10,11,"",18,8,"",24,10,"",28,10,"",30,9,"",30,25,"",30,23,"",32,24,4,36,20,4,36,23,4,48,20,4,48,20,4,50,20,4,56,26,2,62,24,2,68,26,2,84,30,2,84,27,2,86,27,4,88,27,4,92,29,4,90,49,4,96,45,4,98,43,4
"Krimpen aan den IJssel",67,24,2,73,24,2,77,12,2,89,20,2,93,18,"",88,21,2,105,20,2,105,18,2,111,18,2,113,22,2,133,25,2,135,25,1,55,23,2,165,25,2,178,27,2,197,24,1,197,26,3,223,21,4,240,19,4,253,25,5,263,25,5,278,24,6,302,29,6,316,30,9,322,28,9
"Krimpenerwaard",91,31,"",97,33,"",109,30,"",110,34,"",112,34,"",128,34,"",138,36,"",141,36,"",154,33,"",157,37,"",193,39,"",210,45,"",224,51,"",246,54,"",270,61,2,280,73,2,289,78,2,319,61,2,330,64,4,352,71,2,365,67,2,390,66,2,403,106,4,408,114,10,428,115,12
"Laarbeek",12,14,"",14,16,"",14,14,"",16,14,"",18,14,"",20,16,"",22,17,"",21,17,"",34,23,"",40,22,"",36,23,"",38,23,"",42,27,"",50,42,"",70,34,"",70,40,"",70,41,"",72,41,"",72,41,"",79,56,"",76,46,"",80,44,"",83,100,"",84,110,"",84,116,""
"Land van Cuijk",49,68,7,55,78,6,62,53,6,68,56,6,70,57,6,84,60,6,87,57,14,96,60,20,114,67,18,112,79,22,123,99,27,129,113,26,183,119,26,188,131,27,236,150,22,236,138,34,248,143,38,273,136,44,281,155,43,319,193,44,328,190,44,351,197,44,303,285,36,309,270,38,307,289,38
"Landgraaf",8,13,"",10,12,"",10,16,"",16,20,"",16,22,"",18,25,"",21,26,"",22,25,2,24,26,2,25,24,2,29,28,2,33,30,2,43,31,4,72,29,4,116,47,6,147,39,6,163,33,6,167,29,6,176,23,6,178,27,6,200,13,6,198,15,8,185,73,8,190,83,7,190,85,7
"Landsmeer",34,3,"",35,3,"",37,"","",37,"","",37,"","",38,"","",40,"","",40,"","",40,"","",40,"","",40,"",21,40,"",21,40,"",21,40,"",21,44,"",21,46,"",21,54,"",21,60,"",21,62,6,21,70,6,21,72,"",21,72,"",21,70,"",21,75,"",21,76,"",22
"Lansingerland",111,81,"",126,95,"",137,93,"",150,90,"",178,89,"",181,97,"",215,135,"",229,152,"",280,152,"",270,174,4,304,195,2,319,210,4,180,180,4,431,206,4,450,323,4,456,371,5,507,358,4,534,314,6,559,371,6,598,454,18,612,412,33,639,390,33,646,415,41,673,414,35,688,462,35
"Laren",14,24,"",16,24,"",18,19,"",18,19,"",20,15,"",20,14,"",20,14,"",20,19,"",20,19,"",26,18,"",26,18,"",32,16,"",34,16,"",38,19,"",41,35,"",44,33,"",42,33,"",44,19,"",46,17,"",56,22,"",57,26,"",61,21,"",54,29,"",56,33,"",58,28,""
"Leeuwarden",99,186,3,115,202,2,142,194,2,162,191,8,188,157,8,209,173,17,215,187,17,223,197,13,257,260,19,235,268,15,273,271,23,289,267,23,291,280,25,307,287,25,326,376,25,336,374,27,334,408,31,380,266,43,399,261,43,417,291,42,426,374,43,471,403,43,401,426,42,436,409,47,467,416,52
"Leiden",335,150,"",353,148,"",376,170,"",382,178,"",384,154,"",390,170,1,408,175,"",436,198,"",454,198,"",474,224,"",504,209,"",519,213,"",525,232,"",586,257,"",563,363,"",571,440,"",565,510,"",822,303,"",855,307,"",970,311,"",946,357,"",957,419,"",1007,436,"",1069,460,"",1115,445,""
"Leiderdorp",62,7,28,66,9,28,75,5,28,80,9,39,130,8,32,164,24,40,154,41,40,162,30,40,187,24,40,192,17,40,212,22,43,206,25,38,210,21,39,195,60,40,192,89,64,183,111,43,162,193,42,313,55,44,324,60,46,332,61,46,306,103,49,313,99,51,353,45,41,361,44,39,381,49,39
"Leidschendam-Voorburg",187,48,"",201,46,"",217,33,"",239,35,"",261,45,"",265,42,"",302,54,"",306,150,"",370,146,"",367,101,"",390,156,"",393,188,"",148,158,"",491,178,"",520,198,"",535,206,1,541,219,1,589,222,1,603,229,"",621,224,"",643,176,"",693,173,"",688,294,4,701,270,6,697,270,6
"Lelystad",89,138,10,97,141,10,105,121,10,120,127,10,127,119,8,134,148,8,151,190,8,155,203,18,181,206,18,189,223,18,222,216,18,249,217,22,259,261,30,285,244,43,285,307,38,298,328,41,300,326,45,342,294,45,348,313,38,370,371,46,369,349,38,378,373,48,376,394,50,358,408,48,376,395,56
"Leudal",15,22,3,19,21,3,19,14,3,19,14,3,19,14,3,19,15,3,23,25,3,23,25,3,23,31,11,31,30,16,33,33,16,33,34,16,40,38,16,40,35,16,62,31,18,81,32,18,85,33,18,89,33,18,95,32,18,101,38,18,100,37,18,102,40,18,93,53,10,95,81,10,99,98,10
"Leusden",45,86,"",43,88,"",49,77,"",53,83,"",61,56,4,73,65,16,80,76,18,82,64,18,90,74,18,103,73,17,110,92,6,122,86,18,124,124,18,138,120,28,137,130,46,140,128,35,142,152,33,168,145,35,164,256,35,175,304,34,177,286,28,175,305,31,172,340,27,164,363,27,178,338,28
"Lingewaard",32,23,"",38,23,"",42,10,"",46,18,"",58,18,"",64,21,"",68,20,"",79,20,"",84,20,"",85,24,"",88,26,"",96,37,"",98,49,"",123,28,"",144,50,"",152,56,"",168,62,"",188,44,"",212,50,"",220,50,"",246,46,"",268,47,"",281,68,"",297,68,"",327,84,""
"Lisse",17,23,"",25,23,"",29,17,"",31,17,"",33,15,"",49,22,"",51,29,"",53,28,"",55,32,"",53,33,"",65,30,"",69,32,"",69,33,"",75,39,"",79,47,"",82,50,"",82,49,"",82,39,"",82,43,"",84,49,"",82,68,3,90,87,3,98,79,2,95,65,1,97,92,1
"Lochem",17,24,"",20,30,"",21,14,"",21,15,1,22,16,1,24,24,3,22,28,3,21,25,3,24,26,3,22,38,2,27,36,4,32,50,4,35,54,4,47,49,4,49,84,4,57,96,8,66,98,10,76,87,10,91,115,10,96,135,10,104,130,10,106,116,10,92,169,5,111,165,12,108,180,10
"Loon op Zand",28,80,"",28,80,"",32,109,"",34,109,"",38,109,"",39,111,"",42,233,"",42,250,"",56,200,"",54,200,2,68,201,2,74,225,2,92,227,2,84,224,"",70,244,"",69,259,"",66,350,"",132,286,"",139,289,"",194,342,"",222,386,"",248,412,"",338,357,"",383,373,"",372,381,2
"Lopik",2,16,"",4,20,"",4,17,"",6,17,"",8,11,"",10,11,"",13,22,"",13,20,"",13,21,"",15,21,"",20,15,"",22,15,"",24,19,"",24,20,"",28,56,"",38,55,"",32,58,"",34,45,"",38,45,"",42,51,"",42,54,"",44,58,"",48,57,"",47,31,"",47,29,""
"Losser","",11,"",2,14,"",4,13,"",6,12,"",6,13,"",6,13,"",6,12,"",6,11,"",8,17,"",10,21,"",19,20,"",22,19,"",24,19,"",30,19,"",34,22,"",40,32,"",44,37,4,52,49,5,52,58,6,60,65,6,68,66,6,70,73,6,72,72,8,74,56,8,74,65,8
"Maasdriel",12,7,4,12,9,4,16,5,4,18,7,2,18,7,2,20,12,2,22,12,2,26,11,2,26,10,2,32,9,2,35,11,2,38,12,2,38,12,1,60,23,1,66,26,1,68,27,1,88,30,1,92,24,1,98,26,2,98,25,2,106,23,2,114,27,2,111,49,2,113,49,2,118,51,4
"Maasgouw",15,6,"",15,6,"",17,3,"",19,4,"",19,4,"",21,4,"",25,2,"",25,2,"",25,2,"",25,2,"",25,4,"",25,4,"",31,6,"",31,15,"",33,24,"",35,27,2,43,22,3,49,13,2,50,17,2,56,13,2,59,33,2,59,39,2,50,54,2,50,70,2,50,86,2
"Maashorst",48,55,"",54,60,"",65,52,"",69,54,"",74,56,1,91,66,21,103,74,20,103,76,22,111,77,22,112,83,22,149,94,10,179,109,26,204,107,26,224,98,26,222,124,62,219,128,46,309,126,42,313,110,44,329,120,48,349,133,52,359,129,52,366,151,52,345,197,49,363,211,41,356,219,49
"Maassluis",74,15,"",77,16,"",78,13,"",82,13,"",82,12,"",82,12,"",96,14,"",96,14,"",102,22,"",105,19,"",124,20,"",140,22,"",160,28,"",184,34,"",194,60,"",214,63,"",228,59,"",244,31,"",272,31,"",284,36,"",290,36,"",300,36,"",321,27,2,338,28,2,346,26,2
"Maastricht",114,102,"",128,106,"",142,104,"",146,94,"",153,102,"",165,131,"",191,164,"",197,173,2,210,209,2,214,201,2,227,218,4,284,212,4,412,227,28,447,279,31,436,366,55,532,398,31,633,385,31,665,398,29,693,394,31,705,455,31,758,546,33,779,581,35,782,461,35,789,592,35,790,537,35
"Medemblik",32,23,4,28,29,4,47,17,4,51,23,4,57,14,4,61,22,4,71,29,4,76,29,4,88,35,4,94,31,4,98,31,4,96,39,8,98,53,8,98,58,10,137,54,10,120,90,10,125,100,12,138,112,12,136,112,13,140,114,14,144,112,14,158,118,12,158,150,16,156,151,16,155,145,16
"Meerssen",12,6,"",12,6,"",14,4,"",17,4,"",18,6,"",20,8,"",20,12,"",20,12,"",22,12,"",24,4,"",24,12,"",24,10,"",26,10,"",36,13,4,36,20,4,38,23,4,42,26,4,42,20,4,51,22,4,56,26,4,56,26,4,58,24,4,54,27,4,56,27,2,56,39,4
"Meierijstad",32,86,"",40,96,"",42,86,"",54,117,"",58,127,"",77,133,"",91,146,"",91,145,2,111,151,2,122,146,2,117,156,2,143,174,7,170,206,6,212,218,6,218,268,8,317,298,15,333,291,15,353,263,17,384,292,19,394,315,29,420,297,30,430,296,38,381,374,43,463,345,46,408,447,45
"Meppel",14,27,"",14,33,"",21,30,"",24,32,"",24,32,"",31,43,"",37,43,"",37,43,6,49,43,6,49,47,6,57,58,6,57,58,6,63,64,6,69,79,6,77,110,18,66,185,8,74,224,8,200,100,8,219,99,4,227,134,4,215,139,4,225,159,6,228,219,6,228,254,6,230,251,6
"Middelburg",37,24,2,39,25,2,51,35,2,54,37,2,57,37,8,67,42,10,83,49,14,83,53,20,90,97,20,88,111,20,92,132,20,104,171,20,124,177,17,170,136,17,166,166,32,174,183,17,171,215,16,182,158,16,198,156,16,206,168,16,214,176,16,224,164,16,267,96,16,286,88,12,290,103,12
"Midden-Delfland",42,20,4,46,20,4,50,7,4,54,9,4,56,9,"",55,8,4,70,9,4,78,18,8,88,19,4,96,21,12,82,18,22,86,19,16,40,30,16,104,46,16,118,52,15,120,57,21,116,59,25,135,46,26,148,50,27,152,66,27,148,70,27,159,78,27,214,77,27,227,71,24,230,73,22
"Midden-Drenthe",8,25,"",10,29,"",10,31,"",10,34,"",10,33,"",8,36,"",8,35,"",8,34,"",12,34,"",14,32,"",16,34,"",26,40,"",32,51,4,33,58,4,34,67,4,37,70,6,57,65,6,55,57,10,64,69,10,68,83,10,66,86,10,76,92,18,70,141,19,84,141,20,87,156,18
"Midden-Groningen",7,17,"",5,22,"",8,11,"",8,9,"",8,8,"",9,10,8,7,26,8,9,24,8,11,42,8,13,40,8,15,49,8,19,39,8,21,44,8,12,49,12,12,47,20,13,50,12,35,73,18,121,58,24,139,67,40,165,79,38,173,65,38,176,72,50,138,124,43,159,136,46,164,136,58
"Moerdijk",50,35,5,52,33,5,55,36,5,62,38,5,72,40,5,75,38,5,86,52,5,86,60,5,88,60,12,111,59,12,140,65,17,147,68,17,145,68,21,146,87,21,121,159,27,124,169,27,131,219,26,230,101,26,254,137,29,278,193,41,272,197,39,300,205,36,300,260,35,316,281,35,321,298,35
"Molenlanden",37,33,2,37,39,2,41,25,2,47,26,2,51,28,"",51,36,2,53,49,2,53,49,2,52,66,2,60,67,3,64,139,3,73,210,3,79,218,3,87,208,3,109,220,3,112,393,2,110,420,2,114,145,2,121,150,2,129,155,2,131,154,2,135,160,3,128,250,2,131,235,2,129,231,2
"Montferland",11,28,3,14,28,3,18,10,3,20,12,3,22,14,3,26,23,3,32,23,3,34,23,3,36,29,3,37,30,3,38,32,6,38,32,8,42,36,8,40,49,8,50,55,7,56,52,9,68,51,9,74,33,9,81,36,9,85,49,10,85,54,10,94,62,14,84,64,22,98,70,22,99,75,22
"Montfoort",22,12,"",22,13,"",24,8,"",26,8,"",28,8,"",30,8,"",32,8,"",32,8,"",32,8,"",38,13,"",40,10,"",38,12,"",42,12,"",45,12,"",48,23,"",53,24,"",53,24,"",59,22,"",65,24,"",65,24,"",67,24,"",67,25,"",78,16,"",84,16,"",82,14,""
"Mook en Middelaar",4,5,"",4,5,"",4,2,"",4,2,"",4,2,"",4,2,"",4,2,"",4,2,"",12,3,"",12,3,"",12,3,"",16,3,"",19,5,"",25,5,"",27,18,"",32,18,"",32,20,"",32,16,"",34,14,"",36,17,"",38,16,"",34,14,"",34,21,1,36,27,1,36,29,1
"Neder-Betuwe",12,19,4,12,25,6,22,19,6,23,24,6,26,24,12,27,25,14,27,27,14,25,30,20,31,26,20,35,25,20,37,29,20,37,24,12,37,25,20,47,26,20,62,31,20,62,33,20,77,40,26,74,33,20,91,29,26,94,40,30,106,46,30,111,66,30,101,96,30,112,100,29,122,102,30
"Nederweert",3,8,"",3,10,"",3,9,"",3,9,"",5,10,"",5,21,"",5,22,"",5,16,"",7,17,"",14,20,2,22,23,2,22,21,2,18,22,2,20,25,2,24,27,2,57,29,2,59,31,3,62,27,3,66,27,3,68,36,6,72,31,6,74,43,6,70,63,10,68,75,6,70,84,6
"Nieuwegein",246,141,22,258,166,28,275,143,28,280,166,27,301,130,30,338,144,32,364,173,30,365,199,35,394,227,37,405,212,37,416,225,33,455,249,31,479,277,33,521,330,47,492,503,51,488,543,59,476,717,59,868,418,53,920,427,58,840,455,74,917,455,80,875,487,76,874,564,80,866,549,83,878,538,74
"Nieuwkoop",59,16,"",63,20,"",73,12,"",77,16,"",83,13,"",109,12,"",121,12,"",120,12,"",134,14,"",140,19,"",155,23,2,157,14,2,157,18,"",150,29,"",143,68,"",145,70,1,143,101,1,221,22,1,233,19,1,255,23,3,254,29,3,266,31,3,308,44,5,318,50,5,333,54,5
"Nijkerk",30,89,"",45,92,"",54,77,"",64,87,"",68,87,"",78,94,"",82,98,"",84,103,2,92,100,2,111,91,2,127,95,2,133,100,2,127,103,2,159,101,2,173,207,3,196,205,5,219,219,4,245,181,4,282,181,4,304,207,4,325,217,4,335,231,4,330,190,6,356,191,8,348,209,8
"Nijmegen",145,172,6,225,172,6,263,149,6,298,155,6,309,158,10,323,204,14,357,222,14,362,201,16,418,245,16,419,279,17,450,305,18,530,280,20,483,311,20,601,301,22,647,415,30,700,442,29,753,478,23,863,376,23,937,436,29,984,464,29,1036,465,29,1148,465,31,1195,668,23,1284,696,23,1287,677,22
"Nissewaard",164,71,"",181,75,"",188,59,"",201,57,"",212,61,"",204,80,1,239,81,"",256,82,2,303,85,2,296,104,2,321,123,4,335,124,4,180,95,4,428,113,4,445,117,4,487,112,4,522,122,4,610,102,5,666,109,4,722,126,4,757,120,4,783,167,4,840,171,5,869,185,13,868,187,12
"Noardeast-Frysln",48,39,"",48,39,"",48,34,"",48,34,"",54,28,"",60,32,"",62,36,"",62,28,"",64,31,"",60,42,"",64,35,"",64,55,2,64,58,2,72,59,2,78,66,1,74,74,1,80,74,1,84,54,1,88,59,1,96,64,6,90,70,6,103,93,6,81,112,6,80,117,8,84,115,8
"Noord-Beveland",12,28,"",12,27,"",18,40,"",20,40,"",20,49,"",20,54,"",24,57,"",24,67,"",24,83,"",20,79,"",26,96,"",24,104,"",26,114,"",28,115,"",32,130,"",36,122,"",43,117,"",43,129,"",43,131,"",43,157,"",43,169,"",43,159,4,53,184,6,52,175,7,52,180,7
"Noordenveld",10,16,"",16,17,"",28,7,"",34,11,"",34,11,"",37,20,"",34,28,"",36,22,"",52,20,"",58,22,"",58,21,"",59,25,"",59,31,"",59,33,"",77,31,"",83,32,"",83,33,"",84,27,"",88,39,"",100,37,"",106,40,"",116,46,"",119,44,3,136,38,4,137,50,3
"Noordoostpolder",11,39,18,11,38,18,11,25,18,19,33,18,27,39,16,32,40,18,36,48,18,42,52,18,56,54,24,54,65,24,73,67,24,73,59,24,77,67,24,90,65,24,101,85,34,101,100,25,119,111,25,131,76,25,139,98,26,161,103,27,173,100,28,177,129,31,166,151,31,168,149,34,165,167,35
"Noordwijk",80,79,"",86,82,"",85,72,"",99,76,"",106,80,"",110,83,"",114,84,"",112,84,"",122,110,"",123,130,"",134,129,"",137,129,"",154,109,"",164,161,"",168,178,"",163,174,1,166,211,1,200,184,1,211,193,2,239,228,2,241,222,2,240,221,2,274,239,"",278,235,4,279,247,4
"Nuenen, Gerwen en Nederwetten",12,46,"",18,50,"",21,37,"",23,41,"",25,39,"",25,44,"",27,61,"",33,67,"",37,69,"",36,80,"",38,66,"",42,69,"",61,89,"",66,91,"",89,156,"",100,155,"",106,177,"",112,120,4,116,115,4,124,125,4,132,127,4,139,135,4,114,39,"",117,47,"",115,46,""
"Nunspeet",24,22,2,30,24,8,31,18,10,33,26,10,39,24,8,35,23,12,35,29,12,37,37,12,41,37,12,40,42,10,45,51,12,47,55,10,49,61,10,62,74,12,73,76,12,77,77,12,77,103,12,97,91,12,126,97,12,132,100,12,156,100,12,182,90,16,175,160,12,176,147,9,178,152,12
"Oegstgeest",49,10,3,59,17,3,61,14,3,65,11,3,65,20,3,65,21,3,65,21,3,66,13,5,70,13,5,94,19,5,116,20,5,133,22,5,145,16,5,160,28,5,159,39,10,158,43,10,183,29,10,205,25,10,213,25,10,226,37,12,222,46,12,226,59,12,242,105,12,253,103,12,258,103,10
"Oirschot",4,19,"",4,20,"",6,15,"",12,13,"",12,13,8,14,13,16,22,13,16,22,14,8,22,18,8,24,17,9,26,27,12,30,29,12,30,28,12,36,27,20,62,46,24,64,50,24,66,51,24,72,32,26,74,38,26,76,41,26,76,41,26,78,42,26,91,92,27,96,98,20,96,102,26
"Oisterwijk",44,17,"",52,20,"",56,9,"",52,13,"",58,13,"",63,8,"",70,12,"",68,12,"",98,11,"",128,12,"",133,11,"",134,17,"",136,20,"",155,29,"",153,51,"",162,55,2,164,63,2,163,53,2,164,52,2,176,60,2,178,60,2,187,68,4,166,89,6,174,95,6,178,103,6
"Oldambt",2,36,4,2,37,4,4,40,4,4,40,4,6,37,4,6,47,4,14,42,4,18,46,4,21,52,4,25,53,4,26,41,4,30,40,4,32,41,4,27,44,6,35,54,5,47,64,13,47,65,13,47,60,13,55,31,13,67,59,14,87,63,18,85,62,18,94,49,18,88,45,18,104,49,18
"Oldebroek",6,19,3,6,25,3,6,17,3,10,21,3,10,21,3,10,27,3,10,27,6,10,27,6,12,27,6,14,27,6,13,28,6,14,31,6,14,33,6,18,33,6,24,36,6,36,55,6,42,55,6,54,24,8,62,24,8,68,29,8,82,29,8,100,45,8,90,91,19,96,73,9,92,80,9
"Oldenzaal",13,21,"",19,21,"",27,17,"",29,17,"",33,15,"",33,17,"",33,19,"",33,18,"",35,20,"",37,27,"",38,31,"",45,36,"",47,49,"",49,75,"",51,70,"",65,72,2,81,92,2,85,118,4,107,119,4,118,136,4,126,129,4,125,147,8,129,148,2,129,127,2,127,154,2
"Olst-Wijhe",3,9,"",3,10,"",5,3,"",5,3,"",5,3,"",7,3,1,7,3,"",7,4,"",11,4,"",13,2,"",14,4,"",17,4,"",23,4,"",26,20,"",40,22,"",40,24,"",40,23,"",44,21,"",48,23,"",52,23,"",62,27,"",78,29,"",78,36,"",82,38,"",84,35,""
"Ommen",1,14,"",6,14,"",12,13,"",22,17,"",24,22,"",24,23,"",24,33,"",24,35,"",28,44,"",23,41,"",31,39,"",33,53,"",33,51,"",35,48,"",38,57,"",44,58,"",48,68,"",54,64,"",64,58,"",64,61,"",70,56,"",89,59,"",71,80,"",73,87,"",74,78,8
"Oost Gelre",4,34,"",4,34,"",6,32,4,6,32,4,6,34,4,6,26,4,58,34,4,56,37,2,60,39,2,65,47,2,76,53,2,82,50,2,90,63,4,80,68,"",48,130,3,60,121,3,48,154,8,116,83,2,126,88,4,130,97,6,134,96,6,142,73,"",145,104,6,150,119,5,166,123,6
"Oosterhout",68,57,20,74,75,20,80,44,20,90,54,18,95,75,15,116,72,19,122,89,26,126,83,25,136,75,26,188,99,34,223,101,34,226,113,31,246,149,31,299,150,29,354,211,45,362,239,33,372,248,39,392,214,51,416,287,54,433,320,53,437,250,57,438,280,55,411,331,51,422,374,51,417,369,53
"Ooststellingwerf",8,27,"",8,28,"",10,24,"",10,26,"",10,28,"",10,27,"",10,31,"",8,31,"",8,31,"",8,35,"",10,44,"",19,49,"",23,55,"",24,60,"",24,90,"",26,95,"",29,97,"",41,105,"",41,108,"",38,113,"",40,116,"",44,111,"",40,137,"",41,155,"",43,141,""
"Oostzaan",14,35,5,17,35,5,19,35,5,18,36,5,20,36,8,20,36,8,20,36,8,20,15,12,20,15,12,25,18,8,25,44,8,29,45,8,35,42,10,33,60,11,37,33,9,37,33,9,35,33,9,37,32,11,39,32,12,37,64,20,43,56,20,45,59,30,48,86,25,52,79,24,56,74,26
"Opmeer",8,6,"",12,6,"",12,7,"",12,7,"",14,5,"",14,5,"",14,5,"",14,5,"",20,5,"",24,7,"",26,8,"",27,6,"",27,5,"",29,5,"",31,5,"",33,5,"",33,5,"",40,5,"",42,5,"",46,6,"",44,5,2,74,2,2,52,11,6,62,11,5,61,13,6
"Opsterland",3,37,4,4,37,4,4,33,4,4,99,4,4,113,4,3,55,5,3,66,4,5,64,6,5,66,8,3,101,8,8,98,8,12,109,8,10,107,10,14,113,10,29,123,12,45,123,12,53,125,13,53,102,13,52,120,13,64,124,18,67,131,13,72,199,18,48,45,12,50,44,15,49,42,16
"Oss",39,71,4,39,72,4,47,61,4,47,65,4,47,67,5,69,87,5,76,99,7,89,104,7,102,105,5,155,91,6,174,104,7,188,102,8,194,118,10,230,137,12,232,166,12,340,172,12,344,179,12,369,180,23,387,179,25,425,225,25,443,214,25,445,269,27,445,279,18,461,289,23,462,311,27
"Oude IJsselstreek",10,24,"",10,24,"",10,23,"",10,25,"",10,23,"",11,33,"",9,40,"",29,46,"",34,50,"",36,51,"",38,53,"",40,67,"",42,72,"",45,77,"",41,118,"",35,133,"",27,180,2,129,83,2,142,77,2,146,88,2,144,100,2,158,116,2,109,154,2,112,162,2,106,150,2
"Ouder-Amstel",48,26,"",48,33,"",58,27,4,54,28,4,56,29,4,60,34,4,56,37,4,62,51,4,74,47,4,100,41,4,104,63,4,113,65,4,115,68,4,119,73,"",121,95,"",130,74,2,138,75,2,146,38,2,148,71,2,166,71,2,166,72,2,190,86,5,153,125,2,152,130,8,155,131,7
"Oudewater",18,"","",14,"","",20,"","",20,"","",24,"","",24,"","",26,"","",28,"","",28,"","",32,2,"",38,4,"",38,4,"",38,4,"",40,4,"",44,4,"",48,4,"",40,4,"",48,4,"",50,5,"",50,5,"",50,5,"",52,5,"",58,40,2,53,50,4,54,50,3
"Overbetuwe",25,54,"",47,52,"",65,39,"",69,42,"",71,44,"",76,63,2,79,70,"",83,68,4,94,77,4,87,79,5,97,91,4,104,89,4,99,96,4,109,96,4,136,154,4,144,155,12,152,150,12,167,103,12,183,114,12,189,143,12,187,134,20,239,161,20,244,188,21,257,196,21,249,191,21
"Papendrecht",80,63,"",88,62,"",87,57,"",94,62,"",96,59,"",98,37,"",106,49,"",108,44,"",117,33,"",114,22,5,121,20,5,117,27,5,121,53,"",131,41,"",121,298,"",140,308,3,149,331,5,189,54,7,221,75,7,238,88,7,242,125,7,272,139,7,327,103,7,351,110,5,350,114,5
"Peel en Maas",9,13,"",9,12,"",17,7,"",19,12,"",21,12,"",21,15,"",23,10,"",27,10,"",21,21,"",23,29,6,37,33,4,40,34,8,46,38,6,82,35,9,104,47,7,105,66,13,109,66,13,102,61,11,120,57,15,130,74,18,138,75,18,138,69,18,127,91,20,128,115,20,126,142,20
"Pekela",2,"","",2,"","",4,"","",6,"","",6,"","",6,"","",6,"","",6,"","",6,"","",7,"","",8,"","",8,"","",8,"","",8,"","",10,2,"",10,4,"",10,4,"",10,2,"",10,2,"",10,2,"",10,2,"",12,6,"",12,2,"",12,2,2,14,2,""
"Pijnacker-Nootdorp",130,50,3,141,49,3,146,36,3,151,35,3,160,39,"",155,42,4,168,49,4,181,52,3,212,55,3,217,56,3,230,55,3,247,58,3,106,41,2,324,49,2,330,90,2,360,110,2,400,110,2,426,67,2,464,74,4,500,93,30,513,76,30,543,78,28,546,101,38,571,106,38,581,89,38
"Purmerend",78,45,4,70,49,4,100,33,12,108,48,12,124,44,8,133,53,12,138,57,12,144,67,12,182,70,12,203,72,11,236,89,12,294,83,8,322,91,8,329,90,8,348,134,12,382,130,12,390,129,10,427,107,9,431,111,13,459,120,13,459,115,13,486,179,16,531,205,17,532,213,20,565,202,20
"Putten",9,23,2,9,24,2,9,20,2,9,22,5,11,24,3,9,22,5,10,21,4,10,23,3,56,32,3,69,35,3,69,47,2,77,43,1,91,45,1,103,62,1,61,131,1,39,149,1,31,172,1,125,67,1,127,71,1,126,66,1,132,74,1,164,86,7,124,101,13,133,104,6,131,104,9
"Raalte",10,11,"",14,18,"",33,14,"",37,18,"",42,20,"",40,24,"",40,30,"",45,33,"",55,39,"",58,32,"",61,33,"",60,40,"",73,43,"",86,46,"",94,53,"",100,59,"",130,63,"",141,55,"",155,67,"",161,71,"",165,67,"",181,77,"",163,124,"",173,132,"",173,136,""
"Reimerswaal",14,9,"",14,9,"",16,6,"",16,6,"",18,6,"",20,7,"",20,11,"",20,13,"",22,23,2,23,30,2,24,46,2,30,47,2,36,46,8,32,55,9,39,62,7,44,66,17,50,70,17,48,57,17,54,59,21,52,64,23,54,70,29,56,81,32,91,59,35,94,60,32,93,65,32
"Renkum",23,18,"",23,19,"",29,16,"",41,20,"",41,20,"",41,32,"",41,30,"",41,28,"",43,28,"",45,30,"",46,37,"",47,35,"",36,34,"",58,50,"",59,60,"",58,54,"",59,54,"",56,39,"",56,48,"",51,42,2,53,42,2,52,55,4,25,112,10,21,99,10,19,129,10
"Renswoude",4,3,"",4,3,"",8,2,"",8,2,"",8,2,"",12,2,"",12,2,"",12,8,"",14,10,"",14,8,"",14,10,"",18,18,"",20,16,"",16,22,"",18,14,"",18,16,"",18,16,"",18,18,"",15,18,"",18,35,2,18,35,2,18,35,2,16,37,2,16,36,2,16,35,2
"Reusel-De Mierden",4,"","",4,1,"",4,1,"",4,3,"",4,3,"",6,2,"",6,2,"",8,2,"",8,2,"",8,4,"",14,4,"",14,6,"",20,4,"",22,4,"",28,4,"",26,7,"",26,7,"",28,10,"",28,10,"",28,10,"",28,10,"",34,11,"",32,12,"",32,12,"",34,25,""
"Rheden",44,46,"",68,52,"",79,44,"",80,50,"",80,50,"",90,58,"",86,77,"",90,79,"",92,77,"",92,75,"",98,78,"",116,69,"",108,71,2,118,80,2,134,93,2,137,95,1,146,102,1,152,70,1,166,63,1,170,68,1,180,59,1,188,58,1,186,78,1,191,88,1,201,88,1
"Rhenen",15,15,"",17,15,"",17,13,"",19,17,"",19,13,"",21,15,"",23,13,"",23,21,"",31,21,"",33,28,"",38,33,"",42,36,"",42,46,"",44,48,"",45,57,"",47,58,"",49,58,"",55,54,"",63,58,"",67,60,"",65,59,"",66,61,"",62,60,"",72,61,"",72,69,""
"Ridderkerk",146,60,9,148,64,9,146,30,9,154,29,7,152,29,7,151,57,9,170,65,9,172,67,9,191,67,9,179,68,9,201,55,9,230,87,2,266,101,31,292,114,31,308,163,74,335,170,31,349,165,31,376,107,35,395,127,35,433,137,41,439,136,39,442,164,39,448,261,38,459,254,38,468,235,36
"Rijssen-Holten",17,67,2,19,74,2,21,59,4,27,72,4,28,70,"",28,78,"",28,103,5,32,89,6,38,88,6,41,84,6,49,87,9,53,92,7,58,116,7,58,155,7,58,172,7,62,171,7,69,152,11,89,148,13,93,189,13,95,205,21,111,169,31,136,185,29,134,226,26,148,208,25,143,232,27
"Rijswijk",111,31,4,111,38,4,111,28,4,111,36,4,117,39,14,117,54,20,125,56,26,127,86,28,128,121,28,140,128,30,163,138,28,203,134,30,212,178,30,272,147,30,309,191,73,300,266,53,327,289,53,338,246,57,363,274,57,381,379,59,376,364,59,396,389,63,409,435,61,427,460,59,442,480,59
"Roerdalen",3,16,"",3,15,"",3,12,"",3,12,"",3,12,"",3,12,"",3,12,"",5,12,"",13,12,"",17,14,"",17,14,"",19,17,"",20,17,"",20,16,"",28,20,"",32,20,"",32,20,"",34,16,"",40,16,"",50,15,"",54,17,"",60,18,"",59,24,"",58,39,"",58,43,""
"Roermond",26,105,"",26,105,"",33,75,"",37,77,"",41,89,"",48,97,"",52,111,"",55,111,"",61,117,"",68,123,"",83,118,"",124,121,"",125,147,"",141,157,4,175,212,"",147,235,4,233,276,4,267,181,20,290,185,20,314,220,22,320,267,24,328,306,28,304,317,26,302,358,26,304,343,18
"Roosendaal",43,66,"",44,71,"",45,65,"",44,53,"",47,57,"",46,58,"",46,70,"",59,80,2,71,105,2,90,127,2,152,131,2,174,114,2,182,130,2,209,150,4,252,208,10,277,200,11,302,197,11,308,153,5,312,216,12,351,249,16,384,254,16,390,273,14,374,332,18,382,368,15,391,432,13
"Rotterdam",2138,854,10,2253,879,12,2376,740,12,2478,776,16,2721,806,15,2779,1028,39,3243,1273,32,3306,1274,34,3625,1346,41,3526,1434,38,3843,1584,42,4158,1481,46,3466,1569,47,4894,1737,87,5068,2044,92,5225,2223,135,5540,2383,127,5942,2054,110,6346,2327,107,6682,2810,127,6888,2535,134,7191,2831,138,6941,3551,151,7259,3661,165,7337,3647,183
"Rozendaal",2,3,"",2,3,"",2,2,"",2,2,"",2,2,"",4,3,"",4,3,"",4,3,"",4,3,"",4,2,"",4,2,"",4,2,"",4,2,"",4,2,"",4,2,"",6,4,"",4,6,"",8,2,"",10,2,"",12,4,"",12,4,"",12,4,"",12,6,"",16,6,"",16,6,""
"Rucphen",16,4,6,14,4,6,16,"",6,16,"",6,16,"",8,16,2,8,16,2,8,16,2,8,16,2,8,20,2,8,28,3,8,30,2,8,32,2,16,32,3,18,32,5,18,52,6,18,56,6,20,58,3,20,58,3,20,61,23,20,62,23,20,62,23,24,62,29,22,61,29,21,62,28,26
"Schagen",42,58,"",46,58,"",70,46,"",82,58,"",83,57,"",82,61,"",94,56,"",100,63,2,114,77,2,125,99,2,131,110,2,151,120,2,160,116,2,159,134,2,161,149,2,178,169,2,178,190,8,215,144,10,223,160,10,227,166,10,228,174,10,247,203,10,219,252,11,214,230,12,238,232,9
"Scherpenzeel",8,10,"",8,10,"",8,9,"",8,11,"",8,11,"",8,13,"",28,22,"",30,26,"",36,26,"",38,24,"",56,24,"",62,22,"",52,24,"",62,22,"",38,58,"",38,69,"",24,89,"",88,17,"",88,21,"",86,20,"",102,20,"",106,30,"",98,19,"",111,31,"",114,19,""
"Schiedam",134,32,"",152,36,5,166,38,6,181,44,6,194,40,5,193,37,6,239,43,4,259,45,4,313,58,4,316,83,4,333,116,4,358,120,20,196,112,16,425,167,20,429,183,37,461,187,22,487,206,22,502,190,26,542,196,26,566,212,27,592,211,27,619,212,32,666,191,24,687,182,24,692,182,31
"Schiermonnikoog",2,"","",2,"","",2,"","",2,"","",2,"","",2,"","",2,"","","","","",2,"","",2,"","",2,"","",2,"","",2,"","",2,"","",4,"","",4,"","",2,"","",2,"","",2,"","",2,"","",2,"","",2,"","",2,"","",2,"","","","",""
"Schouwen-Duiveland",55,60,2,59,62,2,77,62,2,75,92,2,73,102,"",77,112,2,79,125,2,79,135,2,99,189,4,83,200,4,95,217,4,105,245,3,109,252,3,125,254,5,127,321,3,137,329,3,141,338,3,134,319,2,173,336,2,189,368,2,195,368,3,239,391,11,315,312,11,322,322,11,347,329,11
"'s-Hertogenbosch",367,342,17,386,382,16,395,315,32,436,295,32,426,276,32,460,291,17,520,351,16,526,389,22,581,579,24,623,625,24,661,606,24,682,530,24,791,657,32,807,630,33,872,732,51,938,757,35,1144,849,41,1256,826,44,1345,810,42,1473,969,43,1539,933,44,1574,1051,44,1481,1374,44,1527,1466,43,1516,1416,42
"Simpelveld",4,2,"",4,2,"",4,1,"",4,1,"",4,1,"",4,1,"",4,1,"",4,3,"",4,3,"",4,3,"",5,3,"",5,4,"",5,4,"",9,3,"",23,4,"",23,3,"",33,5,"",37,6,"",36,6,"",36,7,"",40,7,"",40,8,"",38,11,"",38,11,"",40,15,""
"Sint-Michielsgestel",12,19,"",18,19,"",24,7,"",28,7,"",30,11,"",44,18,"",48,13,"",50,14,"",56,20,"",56,20,"",56,21,"",64,28,"",96,30,"",100,29,"",102,33,"",102,31,"",140,29,"",146,25,"",148,23,"",159,61,"",161,65,"",165,68,"",162,88,2,166,89,2,166,83,2
"Sittard-Geleen",18,135,2,18,135,2,20,152,2,24,152,2,28,155,8,30,146,11,35,161,12,35,188,16,41,193,14,42,202,14,39,214,14,81,188,12,70,218,16,101,230,26,109,248,26,112,273,28,120,276,33,137,255,27,228,301,28,262,345,27,270,312,28,358,280,32,230,411,31,234,475,39,237,494,39
"Sliedrecht",60,35,"",60,35,"",60,28,"",60,28,"",62,35,"",64,44,"",69,50,"",72,56,"",80,54,"",84,55,"",86,79,"",94,85,"",104,77,"",104,79,"",113,139,"",108,172,1,109,191,"",156,94,"",171,99,2,183,106,4,195,111,4,206,128,27,220,123,19,241,109,19,240,103,19
"Sluis",26,40,"",26,43,"",36,42,"",38,57,"",38,61,"",40,67,"",42,80,"",44,84,"",56,107,"",60,129,"",75,134,"",83,181,"",98,212,"",113,223,"",134,251,"",117,278,"",123,298,"",123,272,2,220,332,3,235,341,4,234,335,16,226,293,16,302,639,16,317,625,15,320,644,16
"Smallingerland",20,92,8,20,106,12,31,88,12,34,92,12,39,65,12,45,72,15,45,75,12,48,80,16,60,83,16,57,87,16,59,166,16,54,136,16,61,147,26,73,151,24,89,184,40,91,201,24,97,207,26,95,161,26,92,162,26,105,167,26,119,167,26,143,175,26,118,295,29,147,305,29,155,313,29
"Soest",31,41,"",27,43,"",29,27,"",41,23,"",73,25,"",117,39,"",117,43,"",124,42,"",149,43,"",152,47,"",162,62,"",176,72,"",178,56,"",183,75,2,191,120,1,203,129,1,199,128,1,226,76,1,230,89,1,240,94,2,250,98,2,270,130,2,269,149,2,284,165,2,298,152,2
"Someren",9,5,"",5,5,"",5,2,"",9,2,"",9,2,"",11,5,"",17,12,2,17,11,2,21,16,2,24,18,2,21,19,2,19,29,2,27,30,2,25,32,2,25,40,2,34,43,2,48,46,2,46,34,6,50,45,6,54,57,5,54,55,5,56,63,5,62,69,5,62,81,5,62,81,5
"Son en Breugel",10,2,"",16,4,"",16,"","",18,"","",18,"","",18,"","",20,"","",22,"","",24,2,4,24,2,4,24,2,4,28,3,4,30,4,4,38,2,6,52,2,6,60,8,6,62,6,6,62,9,6,66,9,6,70,9,6,72,9,6,71,15,6,85,89,10,88,96,12,86,99,12
"Stadskanaal",9,7,"",8,5,"",8,3,"",10,3,"",10,3,"",10,3,"",10,2,"",10,2,"",10,2,"",14,4,2,14,6,2,24,6,2,26,11,2,26,13,2,34,14,2,40,19,2,44,19,2,46,24,6,56,32,6,61,38,8,61,18,14,59,36,12,64,49,12,83,60,14,92,50,14
"Staphorst",2,25,"",6,23,"",12,22,"",14,24,"",18,24,4,12,28,8,14,28,8,14,28,8,16,30,8,12,30,8,12,30,12,14,29,8,14,30,8,16,33,8,17,39,30,29,40,31,35,42,29,39,28,29,43,31,29,46,47,31,48,49,27,50,55,36,48,62,34,52,58,33,66,57,33
"Stede Broec",6,11,"",10,9,"",14,4,"",18,4,"",22,4,"",23,4,"",22,4,"",24,4,"",28,4,"",28,4,"",28,5,"",30,5,"",30,5,"",32,7,"",36,5,"",40,7,"",44,7,"",54,7,"",56,7,"",60,8,"",60,8,2,70,9,2,75,20,1,79,20,1,79,18,2
"Steenbergen",16,29,"",20,31,"",20,14,"",22,22,"",32,22,"",31,20,"",34,26,"",34,28,"",39,27,"",39,30,"",38,42,"",40,44,"",72,56,"",84,41,"",84,74,"",84,75,"",124,74,"",124,39,4,124,39,4,124,48,4,134,45,4,136,46,4,137,70,4,141,72,4,142,80,4
"Steenwijkerland",11,32,"",13,35,"",17,23,"",27,36,2,24,45,2,32,47,2,34,56,2,36,56,2,54,59,2,58,66,1,72,76,1,78,91,1,80,111,1,96,105,1,110,119,7,129,137,7,147,156,7,173,135,7,208,150,9,210,173,24,218,170,24,230,178,26,232,203,26,240,208,26,236,225,26
"Stein",5,19,38,5,22,38,5,19,38,18,19,25,19,17,24,19,18,26,18,22,26,18,21,26,17,18,26,21,19,26,21,21,26,23,23,24,28,26,24,50,18,23,54,20,45,54,22,25,57,30,25,63,30,25,65,30,25,69,31,25,69,35,25,68,42,27,70,36,26,70,42,25,70,53,25
"Stichtse Vecht",110,129,32,116,148,32,121,120,32,121,126,36,123,122,36,126,121,36,131,123,36,139,129,38,149,127,38,171,136,48,169,169,50,177,195,48,181,174,44,193,180,44,191,201,84,196,203,53,201,206,54,216,182,53,238,173,61,243,210,62,257,202,65,294,216,68,296,225,70,307,204,70,304,277,70
"Sdwest-Frysln",22,77,2,23,80,2,23,68,2,31,71,2,32,73,"",26,68,6,26,82,6,26,82,8,69,76,8,72,96,8,79,102,8,94,113,7,104,137,7,103,152,11,116,205,12,100,249,14,207,238,16,210,204,18,219,213,16,253,241,16,281,227,16,300,261,16,294,241,15,310,237,15,316,249,15
"Terneuzen",12,49,"",12,51,2,23,69,2,22,84,"",26,94,1,36,96,2,38,105,2,38,123,2,44,130,6,42,148,6,65,156,6,90,164,6,103,167,6,95,187,6,104,250,6,112,269,13,121,269,15,130,204,15,173,260,14,188,300,20,208,303,20,194,343,24,394,153,24,433,147,25,435,152,25
"Terschelling",100,14,"",100,14,"",104,10,"",98,12,"","",6,"",50,6,"",72,18,"",87,18,"",43,10,"",42,10,"",45,10,"",30,24,"",30,24,"",28,20,"",12,17,"",9,18,"",26,11,"",30,9,"",32,8,"",32,12,"",32,8,"",32,10,"",14,24,"",25,16,"",24,20,""
"Texel",52,33,"",42,38,"",50,39,"",50,44,"",52,46,"",54,45,2,58,55,"",58,63,"",62,69,"",62,66,"",67,68,"",73,78,1,76,79,1,75,91,1,75,121,1,73,134,1,77,138,1,81,113,1,81,120,1,83,132,1,85,121,1,97,128,1,60,175,2,60,179,1,63,184,2
"Teylingen",80,33,2,81,30,2,83,13,2,95,17,2,109,17,"",117,20,2,117,26,2,119,32,2,132,37,16,134,36,16,136,43,16,154,40,15,156,41,15,158,44,14,154,74,34,158,60,18,158,63,18,161,38,18,167,45,18,167,52,18,165,48,18,164,96,24,179,99,24,221,101,24,233,102,24
"Tholen",27,36,"",27,41,"",26,45,"",28,65,"",28,35,"",28,35,"",26,37,"",26,33,"",46,37,2,32,49,2,46,50,"",44,64,"",52,60,"",68,70,"",79,92,"",74,108,2,68,116,3,72,114,3,96,128,5,101,141,5,109,137,4,90,137,2,123,121,2,135,138,2,157,122,2
"Tiel",26,120,2,38,127,2,46,115,2,56,115,"",60,113,"",62,119,"",63,123,"",65,118,2,73,130,2,72,130,5,99,130,13,137,101,12,139,110,12,147,119,11,150,156,11,178,167,11,189,195,11,206,151,11,216,165,11,224,186,13,250,178,19,254,184,19,213,267,13,230,261,13,229,270,13
"Tilburg",450,262,8,486,274,11,522,244,11,551,279,9,607,271,7,642,282,11,688,320,10,697,312,10,737,342,29,785,370,28,816,404,30,866,377,30,1045,436,31,1111,560,33,1122,819,44,1112,923,38,1093,1111,50,1477,690,50,1468,656,61,1566,849,69,1587,881,67,1652,1017,78,1603,1128,79,1685,1156,83,1680,1262,86
"Tubbergen",8,13,"",8,13,"",10,21,"",12,24,"",12,21,"",12,23,"",12,35,"",12,36,"",12,18,"",14,18,"",13,21,"",12,20,"",12,26,"",14,31,"",20,36,"",18,46,"",26,52,"",32,49,"",32,47,"",46,52,2,50,52,2,54,58,2,48,64,2,48,60,"",50,62,""
"Twenterand",10,20,"",10,22,"",12,31,"",12,32,"",12,18,"",12,15,"",12,33,"",12,33,"",14,25,"",17,24,"",18,36,2,22,36,2,21,41,2,25,43,2,31,48,2,52,54,4,73,53,5,87,47,7,87,58,9,86,74,14,98,66,14,118,70,14,121,93,14,130,91,14,122,98,14
"Tynaarlo",8,30,"",18,32,"",18,25,"",18,29,"",22,31,"",24,29,8,24,46,8,24,44,10,30,46,10,46,39,10,45,44,10,47,42,6,44,47,10,47,45,10,59,61,10,69,61,10,68,81,10,66,66,10,70,76,10,74,79,10,80,80,10,82,88,26,80,104,23,91,85,29,92,110,29
"Tytsjerksteradiel",15,17,"",15,18,"",17,11,"",17,18,"",19,18,"",17,15,"",19,19,"",19,23,"",27,23,"",27,20,"",33,22,"",33,22,"",35,20,"",43,20,"",53,29,"",55,29,"",61,41,"",66,27,"",72,28,"",78,34,"",85,32,"",90,50,"",75,47,2,82,56,2,85,58,2
"Uitgeest",30,11,"",32,13,"",38,12,"",38,12,"",48,6,"",50,12,"",62,14,"",62,10,"",62,14,"",66,16,"",68,14,"",78,16,"",82,17,"",84,17,"",88,21,"",95,21,"",92,25,"",104,21,"",108,19,"",106,25,"",110,21,"",108,19,"",130,20,"",117,23,"",128,26,""
"Uithoorn",36,54,"",36,56,"",54,40,"",58,44,"",68,44,"",78,55,"",76,72,"",80,69,"",89,77,"",105,75,"",118,76,"",107,70,"",108,74,"",112,73,"",117,105,"",117,106,"",119,117,2,121,90,2,129,93,2,137,91,2,135,95,2,145,96,2,151,107,2,151,115,2,158,147,2
"Urk",6,18,"",6,18,"",6,18,"",12,20,"",14,23,"",14,21,"",14,28,"",14,22,"",20,21,"",23,23,"",26,31,"",26,33,"",36,37,"",42,37,"",46,53,"",46,56,1,50,61,"",50,51,"",59,48,"",59,46,"",59,45,"",71,51,"",59,81,"",62,98,"",62,100,""
"Utrecht",985,728,12,851,753,12,917,707,12,920,864,11,1193,864,14,1283,1071,20,1606,1411,18,1588,1342,17,1730,1378,16,1630,1618,18,1822,1614,20,2099,1647,11,2228,1848,12,2423,1919,12,2596,2082,15,2859,2181,33,3027,2336,37,3127,1867,38,3020,1893,38,3251,2224,39,3405,2182,45,3874,2091,40,3705,2316,42,3949,2599,53,4007,2469,65
"Utrechtse Heuvelrug",60,131,"",52,130,"",68,104,"",70,107,"",84,107,"",90,101,"",100,127,"",100,127,"",104,126,"",122,123,"",131,123,"",139,135,"",147,154,1,159,152,2,168,181,2,176,191,2,162,191,4,190,145,4,198,152,3,208,165,4,210,156,4,221,185,6,211,222,2,199,194,2,214,194,2
"Vaals",7,17,"",7,17,"",7,16,"",7,16,"",7,16,"",7,12,"",7,12,"",6,12,"",12,12,"",20,12,"",20,12,"",14,16,"",14,16,"",14,16,"",14,16,"",16,14,"",18,14,"",26,14,"",28,24,"",32,24,"",34,14,"",38,24,"",26,35,"",27,38,"",28,36,""
"Valkenburg aan de Geul",4,23,"",4,23,"",4,18,"",4,22,"",4,26,"",8,33,"",9,37,"",8,39,"",6,41,"",10,54,"",16,54,"",16,55,"",18,56,"",16,62,"",16,67,"",12,69,2,16,65,2,32,60,2,42,60,2,46,69,2,49,64,2,51,64,2,38,82,2,40,73,2,42,82,2
"Valkenswaard",9,14,"",9,16,"",11,13,"",12,13,"",16,13,"",22,16,"",28,18,"",29,17,"",43,17,"",53,17,"",53,17,"",61,19,"",65,19,"",67,17,"",73,56,2,122,38,2,127,36,"",139,14,"",144,12,"",156,18,4,162,18,4,178,37,4,163,40,4,165,48,4,165,46,4
"Veendam",4,11,"",6,18,"",13,17,"",14,17,"",14,17,"",14,9,"",14,13,"",16,9,"",14,9,"",14,10,"",18,18,"",20,21,"",20,24,"",20,23,"",28,38,"",29,42,"",34,49,"",31,34,"",37,34,"",51,34,"",59,28,4,59,37,4,70,39,4,97,36,4,102,36,4
"Veenendaal",75,140,"",79,140,"",95,151,"",93,171,"",95,152,"",106,174,"",129,191,"",129,206,4,139,196,4,146,198,10,149,210,12,155,204,10,127,212,10,173,258,10,192,321,6,210,353,6,285,345,10,318,269,10,357,246,10,387,266,6,411,278,6,437,332,6,433,404,8,431,385,7,414,401,7
"Veere",22,90,"",24,95,"",28,76,"",32,106,"",32,116,"",46,162,"",46,173,"",46,174,"",52,199,"",52,199,"",59,212,"",62,229,"",68,243,"",64,270,"",74,269,"",77,281,"",69,295,"",71,285,"",88,306,"",115,337,"",113,335,"",114,330,1,212,284,1,211,288,1,216,297,1
"Veldhoven",56,25,2,60,28,2,65,22,2,66,22,2,62,22,2,68,23,2,84,33,2,81,29,2,93,41,2,96,56,2,131,52,2,146,51,2,155,45,2,161,38,2,187,46,2,198,56,2,210,60,"",211,58,"",233,64,1,263,64,1,275,62,1,275,175,1,328,232,9,331,271,9,334,273,9
"Velsen",102,37,"",106,42,"",126,31,"",135,39,"",149,31,"",156,51,"",165,57,"",169,63,"",191,68,"",219,83,"",241,91,1,239,93,1,249,107,1,262,101,3,271,131,3,322,139,5,349,140,5,382,138,12,396,147,12,406,181,10,414,173,10,412,189,10,406,231,8,382,238,9,407,212,8
"Venlo",61,107,2,69,125,6,92,116,6,104,122,6,113,114,1,115,116,15,137,141,14,142,153,12,162,193,12,168,224,12,186,233,12,226,279,9,259,316,13,297,383,11,316,481,10,325,536,20,344,571,23,407,452,23,427,482,27,489,539,27,515,553,31,540,628,49,500,582,43,513,680,47,511,620,50
"Venray",14,25,4,20,28,4,24,22,4,24,21,4,34,20,"",54,44,4,54,52,4,52,43,4,82,48,4,82,64,4,94,74,4,102,73,4,107,101,4,110,94,4,112,148,4,134,187,6,165,185,7,180,131,7,186,132,7,192,141,19,194,144,19,192,157,19,183,181,19,188,187,20,187,183,21
"Vijfheerenlanden",68,59,6,82,64,6,84,59,6,94,54,6,102,62,2,119,88,24,130,80,26,138,92,28,150,93,28,150,96,28,168,116,28,175,134,27,184,149,34,202,192,33,220,255,59,234,234,34,240,240,34,267,184,37,270,192,43,277,224,43,300,200,43,320,245,39,328,282,38,335,293,46,337,314,52
"Vlaardingen",159,32,"",173,30,"",181,22,"",193,22,"",203,24,"",211,29,"",242,32,"",246,39,4,264,37,4,270,52,4,284,57,4,302,60,4,170,58,4,360,80,4,380,105,4,400,112,4,420,100,5,434,97,30,446,104,30,494,129,31,504,131,31,512,151,31,582,135,31,621,134,30,642,138,30
"Vlieland",1,2,"",1,2,"",1,"","",1,"","",1,"","",1,"","",3,"","",3,"","",3,"","",3,"","",3,"","",3,"","",3,"","",3,"","",3,"","",3,"","",3,"","",3,"","",3,"","",3,"","",3,"","",3,"","","",2,"","",2,"","",2,""
"Vlissingen",10,21,"",16,25,"",22,29,"",24,33,"",24,33,"",22,42,"",22,65,"",22,66,"",20,82,"",18,90,"",20,90,"",37,92,"",34,122,"",38,132,"",68,146,"",67,157,1,71,157,1,77,195,1,91,216,7,95,233,7,99,234,7,107,262,11,213,220,5,219,233,5,220,229,5
"Voerendaal",2,7,"",2,8,"",2,1,"",2,1,"",2,1,"",2,1,"",2,1,"",2,1,"",2,1,"",2,1,"",2,5,"",2,5,"",4,5,"",20,5,"",44,5,"",46,5,"",48,5,"",48,5,"",50,4,"",50,11,"",50,13,"",50,13,"",50,14,"",50,12,"",50,12,""
"Voorne aan Zee",168,53,6,178,69,6,187,39,6,201,39,6,225,42,4,211,52,6,244,57,6,235,62,6,268,65,6,268,67,6,288,74,6,309,76,5,170,66,5,375,71,5,399,83,5,429,92,5,483,101,5,528,89,5,582,93,7,615,127,8,631,123,8,645,142,9,671,179,11,708,177,15,715,172,15
"Voorschoten",55,17,"",59,20,"",59,17,"",67,15,"",67,14,"",65,14,"",101,22,"",103,24,"",111,30,"",122,28,"",120,34,"",123,37,"",38,23,"",146,29,"",156,33,"",160,33,1,167,31,1,167,29,2,199,25,4,205,25,4,206,21,4,226,21,4,234,21,4,233,19,4,234,21,4
"Voorst",10,28,3,16,34,3,20,24,3,26,24,3,28,24,3,28,27,3,24,32,6,26,34,6,28,41,6,24,41,6,34,38,6,38,37,6,43,47,6,45,49,6,51,60,6,53,63,6,61,65,6,80,48,10,90,42,12,100,46,12,114,44,12,138,66,18,124,71,18,131,71,16,132,75,18
"Vught",72,45,"",78,44,"",86,20,"",98,23,"",99,41,"",109,51,"",115,53,"",121,54,"",153,66,"",154,65,"",160,69,"",167,91,"",167,97,"",188,101,"",190,93,"",208,135,"",217,131,"",251,113,"",251,110,"",267,132,"",273,140,"",278,116,2,262,144,2,268,143,4,268,161,4
"Waadhoeke",4,18,2,4,9,2,18,4,2,18,6,2,18,4,2,18,10,2,18,15,2,18,17,2,16,19,2,18,24,2,20,23,2,30,20,2,36,22,2,54,38,4,69,53,4,76,42,4,80,45,4,75,44,4,85,48,4,89,70,6,85,66,6,91,82,6,82,89,4,96,91,4,110,118,4
"Waalre",28,11,"",30,11,"",32,5,"",31,41,"",32,5,"",32,6,"",34,7,"",34,9,"",34,19,"",44,13,"",32,30,"",36,23,"",42,18,"",34,18,"",33,12,"",33,12,2,34,12,2,51,19,2,55,18,2,68,25,2,68,28,2,86,36,2,69,58,2,74,60,2,72,60,2
"Waalwijk",42,77,6,44,72,6,48,61,6,48,77,6,50,85,4,73,91,12,89,95,6,97,94,10,103,101,10,108,107,10,122,110,11,135,113,11,153,174,13,172,212,15,171,211,16,170,218,15,250,226,15,274,203,16,328,203,16,338,219,19,350,211,19,354,296,19,326,272,20,333,328,19,338,301,22
"Waddinxveen",55,54,"",61,57,"",63,43,"",65,42,"",67,47,"",71,61,"",77,79,"",79,93,"",81,110,"",91,105,2,91,125,2,97,126,2,97,135,3,116,144,3,140,199,3,160,190,3,182,201,3,194,107,6,204,148,6,210,165,10,216,162,10,256,173,11,259,156,7,276,163,7,272,170,9
"Wageningen",55,68,"",67,68,"",63,70,"",63,73,"",67,74,"",71,72,"",78,103,"",79,120,"",83,126,"",89,121,"",95,114,"",103,144,"",89,136,"",127,147,"",141,227,"",145,235,"",149,235,"",163,156,"",174,152,"",192,157,2,194,164,2,206,173,2,231,237,2,232,238,2,207,312,2
"Wassenaar",73,22,"",84,25,"",90,9,"",88,9,"",92,9,"",89,13,"",121,20,"",128,44,6,137,44,6,139,46,3,147,58,6,151,67,5,67,46,5,183,52,5,176,68,5,187,61,5,201,65,5,215,31,5,235,30,11,239,35,10,245,36,10,275,40,10,296,38,5,300,42,5,300,39,7
"Waterland",34,10,"",37,14,"",64,8,"",66,8,"",70,8,"",76,8,2,74,13,"",74,13,"",78,11,"",79,12,"",94,9,"",116,10,2,122,10,2,124,10,2,125,13,2,125,8,2,117,8,2,121,10,"",123,10,"",125,11,"",129,9,"",133,9,"",148,7,2,127,7,2,139,7,2
"Weert",24,32,4,28,35,4,37,22,4,45,26,4,49,26,"",47,32,4,59,31,4,60,34,4,62,68,2,56,73,2,75,66,2,91,48,2,110,50,1,126,61,19,148,75,39,167,83,27,187,94,27,197,79,27,209,79,35,216,82,36,219,83,36,229,77,36,189,147,37,194,153,38,184,155,34
"West Betuwe",40,85,13,54,87,13,62,76,13,63,84,15,80,88,8,76,93,16,84,91,16,83,91,17,87,83,17,88,78,18,108,87,30,112,86,27,119,115,29,146,96,43,145,142,56,155,143,44,175,152,44,199,95,87,212,130,87,234,180,123,264,166,123,286,179,78,280,273,115,305,307,118,297,314,118
"West Maas en Waal","",12,"","",12,"","",8,"","",9,"","",8,"","",8,"","",8,"","",14,"","",19,"","",19,"","",17,"","",15,"","",14,"","",10,"",12,14,"",14,12,"",14,13,"",22,16,"",28,13,"",30,16,"",34,14,"",42,18,"",39,29,"",40,30,"",40,33,2
"Westerkwartier",13,45,2,33,47,2,40,29,2,42,30,5,49,32,4,59,39,7,69,38,7,80,38,7,105,39,7,106,43,7,113,48,18,117,54,14,117,56,14,119,68,14,161,87,14,175,104,14,174,105,14,174,84,14,181,83,15,198,78,15,208,81,15,215,93,15,226,102,14,264,107,16,273,133,14
"Westerveld",4,26,"",4,26,"",6,22,"",6,22,"",12,20,"",14,25,4,12,30,4,12,33,4,24,39,4,25,35,4,28,39,4,28,50,4,29,61,4,30,75,4,32,82,4,34,84,4,36,84,4,40,78,4,38,87,8,40,95,10,42,96,14,52,101,14,38,100,14,42,100,14,44,106,14
"Westervoort",2,1,"",2,1,"",2,1,"",2,1,"",2,1,"",4,1,"",6,1,"",8,1,"",10,3,"",12,1,"",11,2,"",11,2,"",13,"","",21,"","",20,2,"",24,1,"",24,1,"",28,3,"",30,3,"",30,4,"",30,4,"",32,4,"",63,6,"",77,4,"",78,4,""
"Westerwolde",5,"","",5,3,"",19,3,"",19,4,"",19,4,"",21,3,"",23,5,"",23,5,"",25,5,"",25,4,"",27,8,"",29,8,"",29,7,"",29,7,"",29,11,"",38,9,2,36,18,2,36,14,2,37,16,2,37,15,2,37,17,2,37,29,2,46,31,2,60,46,2,59,45,2
"Westland",167,182,"",169,192,"",178,143,"",194,180,"",227,194,"",254,212,2,311,232,"",326,238,"",347,270,"",329,299,"",373,366,2,415,392,4,198,374,6,466,409,6,534,658,5,568,652,6,586,675,6,621,466,4,677,510,4,736,549,4,794,576,14,851,547,14,864,645,11,888,695,14,895,740,14
"Weststellingwerf",10,23,5,10,22,2,11,16,2,11,14,2,11,16,2,11,16,2,11,18,2,11,19,2,11,16,2,11,15,2,13,14,2,13,12,6,13,18,6,19,22,10,29,36,8,33,34,10,33,35,10,36,21,30,37,21,30,43,22,32,43,22,34,43,27,30,41,24,29,40,25,31,51,25,35
"Wierden",4,11,"",4,16,"",6,11,"",6,16,"",8,16,"",8,27,"",14,33,"",18,33,"",28,28,"",28,29,2,28,36,2,28,34,2,30,32,2,30,31,2,44,45,2,50,48,2,60,48,2,66,34,4,68,36,4,76,49,4,72,53,10,82,54,10,79,105,10,88,104,10,86,104,13
"Wijchen",48,49,"",58,53,"",57,36,"",64,37,"",68,39,"",76,48,"",76,56,"",90,56,"",96,52,"",98,61,"",101,63,"",110,68,"",112,83,"",130,84,"",148,119,"",146,120,"",164,125,"",172,78,"",176,76,2,176,75,"",176,77,"",204,113,2,256,92,3,272,98,3,274,103,5
"Wijdemeren",34,20,"",28,22,"",36,13,"",32,13,"",36,13,"",38,15,"",40,13,"",44,13,"",52,15,"",58,12,"",60,16,"",58,22,"",58,23,"",58,14,"",61,28,"",59,29,"",77,33,"",84,14,"",88,13,"",92,11,"",92,13,"",92,14,"",164,50,"",157,54,"",170,57,""
"Wijk bij Duurstede",16,10,"",18,12,"",20,6,"",20,7,"",20,6,"",20,6,"",20,10,"",20,10,"",28,5,"",24,9,"",32,13,"",38,13,"",26,5,"",40,9,"",43,9,"",37,13,"",48,17,"",48,17,"",48,17,"",52,24,"",56,32,"",58,38,"",66,19,"",28,73,"",32,78,""
"Winterswijk",3,15,"",3,14,"",6,16,"",14,17,"",14,13,"",13,23,"",12,24,"",12,27,"",14,59,"",18,68,1,20,38,1,22,77,1,26,77,1,36,52,1,36,68,1,41,67,5,43,64,1,55,53,2,59,88,1,74,109,7,80,102,7,86,72,7,64,121,7,74,115,7,76,122,7
"Woensdrecht",12,16,"",12,16,"",14,21,"",14,30,"",12,28,"",14,34,"",14,33,"",14,35,"",14,40,"",14,49,"",14,50,"",14,54,"",14,66,"",22,73,"",30,72,"",32,70,"",34,69,"",36,70,"",38,71,"",40,83,"",44,81,2,60,86,2,98,63,5,114,61,3,122,59,3
"Woerden",92,163,9,100,167,9,119,153,13,127,170,12,171,131,13,187,133,15,204,151,13,216,153,14,218,157,15,262,153,21,272,186,48,280,201,31,319,202,37,321,231,39,301,302,39,294,360,41,238,447,41,414,239,40,443,206,43,428,250,46,466,254,36,467,270,41,432,358,49,447,333,46,461,361,51
"Wormerland",20,20,"",20,22,"",24,16,"",29,26,"",40,24,"",42,24,"",44,24,"",48,4,"",54,4,"",62,4,"",66,4,"",67,14,"",67,18,"",71,18,"",71,18,"",72,28,"",66,24,"",78,22,"",76,22,"",80,12,"",78,12,"",80,22,"",86,19,"",91,14,"",96,14,""
"Woudenberg",14,13,6,14,13,6,16,9,6,16,5,7,18,10,7,20,10,7,22,13,7,22,12,7,22,12,7,20,15,7,25,14,11,30,20,11,30,24,11,38,12,11,38,31,11,38,31,11,38,32,11,38,19,11,38,29,11,38,37,11,54,29,8,63,34,7,71,51,12,75,38,9,76,41,13
"Zaanstad",305,110,1,280,114,"",339,102,"",360,108,"",399,96,"",427,110,2,419,139,"",440,146,2,481,150,2,511,152,2,542,171,6,601,151,7,619,168,7,642,157,9,656,226,9,689,218,9,649,227,9,808,189,13,815,187,13,854,243,13,856,283,15,854,306,11,918,382,11,881,423,10,962,469,10
"Zaltbommel",30,17,18,32,19,18,40,19,18,46,19,18,52,19,16,54,28,20,56,34,28,56,33,28,68,36,32,73,29,32,71,34,32,71,58,31,81,69,30,89,72,29,91,138,45,92,157,30,100,163,30,159,76,29,158,77,30,169,81,29,181,85,29,185,109,30,201,89,29,206,91,26,207,93,26
"Zandvoort",27,8,"",35,8,"",39,7,"",39,7,"",39,15,"",61,15,"",65,15,"",65,15,"",70,15,"",49,35,"",49,40,"",53,40,"",51,40,"",53,28,"",57,20,"",57,20,"",51,29,"",51,37,"",51,49,"",51,50,"",53,44,"",55,46,"",52,48,"",72,62,"",77,64,""
"Zeewolde",42,11,"",44,14,"",46,8,"",48,9,"",52,8,"",69,19,"",74,24,"",74,23,"",80,23,"",79,32,2,86,38,2,86,37,2,97,36,2,104,42,2,110,87,2,118,111,2,136,138,2,146,93,2,151,110,2,169,107,4,171,101,2,169,118,4,167,136,6,169,142,6,170,141,6
"Zeist",178,155,2,170,155,2,168,117,"",183,127,"",212,133,"",220,162,"",271,173,"",275,168,"",295,184,"",305,183,"",335,194,"",361,172,"",375,197,"",380,209,"",408,233,"",412,256,"",395,265,"",469,214,"",487,236,2,501,277,4,492,260,4,521,270,4,524,272,2,522,265,6,593,258,7
"Zevenaar",26,41,10,42,46,10,46,27,10,54,33,8,58,35,8,66,50,8,66,52,8,69,53,8,74,50,8,80,59,8,82,66,8,86,70,8,99,76,8,114,83,8,127,90,24,140,81,17,139,80,17,160,50,21,168,49,22,169,56,23,175,62,23,203,88,23,204,116,23,215,124,23,204,132,23
"Zoetermeer",276,147,3,284,162,3,292,156,3,299,168,3,322,169,3,332,192,6,342,208,6,348,252,6,382,258,8,368,255,10,369,246,10,406,227,12,428,267,12,573,280,12,615,326,12,645,325,14,687,306,14,742,251,14,812,291,14,876,433,14,943,372,14,1040,425,14,1024,540,15,1085,559,22,1114,533,22
"Zoeterwoude",22,40,"",22,41,"",22,42,"",22,42,"",24,38,"",26,24,"",26,54,"",24,63,"",26,63,"",26,70,"",26,72,"",29,70,"",26,76,"",31,82,"",33,84,"",31,112,1,33,113,1,33,107,1,33,113,1,33,117,1,33,125,1,35,127,1,26,126,"",26,124,"",24,119,""
"Zuidplas",73,49,8,75,49,8,75,42,8,83,42,8,82,45,10,92,46,12,106,48,16,106,51,18,119,51,18,135,51,19,167,60,19,176,67,17,187,72,17,205,78,16,219,89,22,233,91,22,275,89,24,305,76,24,321,85,24,339,111,24,355,100,28,379,113,36,395,122,36,408,120,52,420,123,52
"Zundert",14,11,"",16,12,"",16,7,"",16,7,"",18,7,"",22,10,"",24,9,"",24,9,"",26,9,"",38,10,"",38,13,"",38,10,"",40,14,"",42,18,"",71,25,"",64,33,"",64,35,"",64,30,"",68,38,"",68,46,"",74,45,"",74,51,"",68,58,"",75,62,"",73,63,""
"Zutphen",69,35,"",69,38,"",78,37,"",91,39,"",97,43,"",99,46,"",95,70,"",103,67,"",115,59,"",112,71,3,122,60,3,138,74,3,149,75,2,172,79,2,198,89,2,199,101,2,204,110,4,220,94,4,228,91,6,244,95,10,272,102,12,278,103,12,253,220,13,260,230,13,246,241,13
"Zwartewaterland",8,37,"",8,39,"",16,37,"",16,39,"",18,36,"",20,42,"",22,52,"",22,52,"",22,50,"",26,59,"",32,59,"",36,65,"",43,62,"",40,80,"",52,99,"",84,107,"",86,107,"",100,83,"",108,95,"",113,93,"",123,79,"",121,97,4,113,108,4,119,127,4,112,143,6
"Zwijndrecht",70,34,"",70,42,"",72,33,"",76,33,"",78,27,"",86,29,"",98,37,"",106,36,"",120,30,"",120,39,"",124,41,"",160,39,"",162,40,"",162,58,4,163,78,4,172,111,4,194,148,4,314,50,4,332,52,4,358,56,4,360,76,4,387,82,4,408,87,5,432,113,5,432,114,5
"Zwolle",126,326,16,138,321,16,184,270,16,212,294,16,210,239,24,262,268,32,302,330,34,324,369,36,418,402,36,423,447,36,500,429,40,509,378,41,557,432,38,676,428,52,752,563,79,792,591,62,887,584,62,937,499,60,969,509,60,1015,612,70,1051,596,76,1185,687,78,1174,846,79,1222,935,103,1268,879,102
"Total",26423,20356,890,27898,21848,1028,31232,18314,1093,33364,19951,1110,36264,19661,1071,39808,22368,1695,43437,26851,1828,44790,27309,1998,49299,29480,2130,51365,31149,2228,54857,33914,2546,60004,34794,2555,60166,37754,2748,69489,41729,3071,72741,53181,4090,78039,56800,3701,81718,61725,3897,92384,48480,4298,97474,52844,4551,103052,60280,5156,106773,59402,5396,112589,65374,5741,111787,75348,5672,116300,78938,5819,118715,79786,6018
