,appid,player_count,date
0,730,1099576.0,2025-09-22 21:24:15
1,570,752908.0,2025-09-22 21:24:44
2,578080,201705.0,2025-09-22 21:25:13
3,2507950,62398.0,2025-09-22 21:25:42
4,1172470,67599.0,2025-09-22 21:26:11
5,1030300,160228.0,2025-09-22 21:26:40
6,3419430,96776.0,2025-09-22 21:27:09
7,1203220,15134.0,2025-09-22 21:27:38
8,431960,56014.0,2025-09-22 21:28:08
9,1285190,145843.0,2025-09-22 21:28:37
10,2694490,118898.0,2025-09-22 21:29:06
11,2923300,93831.0,2025-09-22 21:29:35
12,252490,106829.0,2025-09-22 21:30:04
13,413150,48649.0,2025-09-22 21:30:33
14,3008130,71898.0,2025-09-22 21:31:02
15,218,101985.0,2025-09-22 21:31:31
16,271590,70553.0,2025-09-22 21:32:01
17,480,53781.0,2025-09-22 21:32:30
18,236390,57597.0,2025-09-22 21:32:59
19,2622380,27253.0,2025-09-22 21:33:28
20,322330,18773.0,2025-09-22 21:33:57
21,3354750,110186.0,2025-09-22 21:34:26
22,3240220,31087.0,2025-09-22 21:34:55
23,2252570,56230.0,2025-09-22 21:35:24
24,381210,54738.0,2025-09-22 21:35:53
25,359550,57792.0,2025-09-22 21:36:23
26,440,53078.0,2025-09-22 21:36:52
27,367520,48936.0,2025-09-22 21:37:21
28,230410,39355.0,2025-09-22 21:37:50
29,240,48130.0,2025-09-22 21:38:19
30,1086940,62489.0,2025-09-22 21:38:48
31,1091500,39431.0,2025-09-22 21:39:17
32,438100,38771.0,2025-09-22 21:39:46
33,394360,39192.0,2025-09-22 21:40:15
34,2767030,71403.0,2025-09-22 21:40:44
35,1973530,16273.0,2025-09-22 21:41:13
36,553850,55425.0,2025-09-22 21:41:42
37,1366800,47389.0,2025-09-22 21:42:12
38,289070,29987.0,2025-09-22 21:42:41
39,221100,56235.0,2025-09-22 21:43:10
40,1623730,23698.0,2025-09-22 21:43:39
41,2444750,17137.0,2025-09-22 21:44:08
42,261550,25904.0,2025-09-22 21:44:37
43,2073620,49324.0,2025-09-22 21:45:06
44,1174180,27424.0,2025-09-22 21:45:35
45,1364780,8343.0,2025-09-22 21:46:05
46,218620,30996.0,2025-09-22 21:46:34
47,2357570,35743.0,2025-09-22 21:47:03
48,294100,28650.0,2025-09-22 21:47:32
49,251570,26859.0,2025-09-22 21:48:01
50,275850,39465.0,2025-09-22 21:48:30
51,227300,34831.0,2025-09-22 21:48:59
52,2669320,25404.0,2025-09-22 21:49:28
53,1938090,44871.0,2025-09-22 21:49:58
54,1245620,20886.0,2025-09-22 21:50:27
55,1422450,,2025-09-22 21:50:56
56,1281930,16148.0,2025-09-22 21:51:25
57,1260320,4879.0,2025-09-22 21:51:54
58,2139460,17667.0,2025-09-22 21:52:24
59,552990,16343.0,2025-09-22 21:52:53
60,2358720,4990.0,2025-09-22 21:53:22
61,1222670,27401.0,2025-09-22 21:53:51
62,1517290,18288.0,2025-09-22 21:54:20
63,1142710,26677.0,2025-09-22 21:54:49
64,2584990,5994.0,2025-09-22 21:55:18
65,892970,37450.0,2025-09-22 21:55:47
66,3527290,26923.0,2025-09-22 21:56:16
67,105600,17284.0,2025-09-22 21:56:46
68,346110,16399.0,2025-09-22 21:57:15
69,1905180,14545.0,2025-09-22 21:57:44
70,1771300,22621.0,2025-09-22 21:58:13
71,108600,23096.0,2025-09-22 21:58:42
72,550,16494.0,2025-09-22 21:59:11
73,3241660,23480.0,2025-09-22 21:59:40
74,2300320,31142.0,2025-09-22 22:00:09
75,250900,19556.0,2025-09-22 22:00:38
76,1449850,11028.0,2025-09-22 22:01:08
77,322170,23472.0,2025-09-22 22:01:37
78,3472040,12374.0,2025-09-22 22:02:06
79,284160,21965.0,2025-09-22 22:02:35
80,2429640,22988.0,2025-09-22 22:03:04
81,1426210,5039.0,2025-09-22 22:03:33
82,582660,19255.0,2025-09-22 22:04:02
83,1158310,21175.0,2025-09-22 22:04:31
84,2246340,6259.0,2025-09-22 22:05:00
85,766570,8683.0,2025-09-22 22:05:30
86,513710,13454.0,2025-09-22 22:05:59
87,1325860,6763.0,2025-09-22 22:06:28
88,2878980,4809.0,2025-09-22 22:06:57
89,3037410,16885.0,2025-09-22 22:07:26
90,813780,18631.0,2025-09-22 22:07:55
91,489830,21732.0,2025-09-22 22:08:24
92,2399830,17059.0,2025-09-22 22:08:53
93,526870,22963.0,2025-09-22 22:09:22
94,4000,21375.0,2025-09-22 22:09:51
95,646570,9210.0,2025-09-22 22:10:21
96,292030,13986.0,2025-09-22 22:10:50
97,3405340,24070.0,2025-09-22 22:11:19
98,1623660,14606.0,2025-09-22 22:11:48
99,281990,20085.0,2025-09-22 22:12:17
100,1049590,2693.0,2025-09-22 22:12:46
101,1145360,10718.0,2025-09-22 22:13:15
102,1085660,22017.0,2025-09-22 22:13:44
103,629520,16935.0,2025-09-22 22:14:13
104,2183900,18222.0,2025-09-22 22:14:43
105,582010,4339.0,2025-09-22 22:15:12
106,427520,20144.0,2025-09-22 22:15:41
107,3224770,17433.0,2025-09-22 22:16:10
108,2073850,20558.0,2025-09-22 22:16:39
109,1665460,13397.0,2025-09-22 22:17:08
110,236850,16136.0,2025-09-22 22:17:38
111,594650,13482.0,2025-09-22 22:18:07
112,3513350,10156.0,2025-09-22 22:18:36
113,365670,10894.0,2025-09-22 22:19:05
114,1172710,22292.0,2025-09-22 22:19:34
115,8930,15887.0,2025-09-22 22:20:03
116,1407200,13399.0,2025-09-22 22:20:32
117,3447040,1569.0,2025-09-22 22:21:01
118,393380,11474.0,2025-09-22 22:21:31
119,3142050,12137.0,2025-09-22 22:22:00
120,1329410,1538.0,2025-09-22 22:22:29
121,1551360,8989.0,2025-09-22 22:22:58
122,39210,17871.0,2025-09-22 22:23:27
123,1466860,9503.0,2025-09-22 22:23:56
124,2321470,13918.0,2025-09-22 22:24:25
125,1818450,7918.0,2025-09-22 22:24:54
126,1283970,6688.0,2025-09-22 22:25:23
127,3478050,1169.0,2025-09-22 22:25:52
128,377160,14951.0,2025-09-22 22:26:21
129,252950,26312.0,2025-09-22 22:26:51
130,548430,8928.0,2025-09-22 22:27:20
131,255710,7031.0,2025-09-22 22:27:49
132,739630,17627.0,2025-09-22 22:28:18
133,239140,8788.0,2025-09-22 22:28:47
134,10,9859.0,2025-09-22 22:29:16
135,1454400,10224.0,2025-09-22 22:29:45
136,2763740,9450.0,2025-09-22 22:30:14
137,304930,10655.0,2025-09-22 22:30:43
138,1599340,11689.0,2025-09-22 22:31:12
139,1920960,2317.0,2025-09-22 22:31:41
140,3164500,17096.0,2025-09-22 22:32:11
141,107410,11766.0,2025-09-22 22:32:40
142,1568590,3326.0,2025-09-22 22:33:09
143,1063730,12410.0,2025-09-22 22:33:38
144,2001120,2711.0,2025-09-22 22:34:07
145,457140,5246.0,2025-09-22 22:34:36
146,244210,11272.0,2025-09-22 22:35:05
147,761890,9055.0,2025-09-22 22:35:34
148,1238840,4310.0,2025-09-22 22:36:04
149,2707930,11921.0,2025-09-22 22:36:33
150,2379780,11265.0,2025-09-22 22:37:02
151,534380,7556.0,2025-09-22 22:37:31
152,990080,9060.0,2025-09-22 22:38:00
153,2426960,7421.0,2025-09-22 22:38:29
154,3564400,2809.0,2025-09-22 22:38:58
155,1903340,10509.0,2025-09-22 22:39:28
156,1238810,2045.0,2025-09-22 22:39:57
157,3061570,6983.0,2025-09-22 22:40:26
158,3231090,7692.0,2025-09-22 22:40:55
159,529340,6825.0,2025-09-22 22:41:24
160,1476970,8090.0,2025-09-22 22:41:53
161,1248130,8056.0,2025-09-22 22:42:22
162,949230,6195.0,2025-09-22 22:42:51
163,2508780,3027.0,2025-09-22 22:43:20
164,2452280,2772.0,2025-09-22 22:43:50
165,1942280,4328.0,2025-09-22 22:44:19
166,216150,6415.0,2025-09-22 22:44:48
167,3165720,10605.0,2025-09-22 22:45:17
168,291550,11852.0,2025-09-22 22:45:46
169,1874880,12694.0,2025-09-22 22:46:15
170,648800,5700.0,2025-09-22 22:46:44
171,3557620,2234.0,2025-09-22 22:47:13
172,1687950,4025.0,2025-09-22 22:47:43
173,2074920,4745.0,2025-09-22 22:48:12
174,376210,6611.0,2025-09-22 22:48:41
175,812140,4227.0,2025-09-22 22:49:10
176,960090,7717.0,2025-09-22 22:49:39
177,1203620,8092.0,2025-09-22 22:50:08
178,993090,4276.0,2025-09-22 22:50:37
179,2141910,8462.0,2025-09-22 22:51:07
180,714010,2730.0,2025-09-22 22:51:36
181,2709570,6083.0,2025-09-22 22:52:05
182,3159330,4428.0,2025-09-22 22:52:34
183,814380,1900.0,2025-09-22 22:53:03
184,1757300,12276.0,2025-09-22 22:53:32
185,1151340,8013.0,2025-09-22 22:54:02
186,444200,4419.0,2025-09-22 22:54:31
187,899770,4557.0,2025-09-22 22:55:00
188,779340,2098.0,2025-09-22 22:55:29
189,1326470,5955.0,2025-09-22 22:55:58
190,3659280,9109.0,2025-09-22 22:56:27
191,1468810,1172.0,2025-09-22 22:56:57
192,835570,2211.0,2025-09-22 22:57:26
193,2918500,316.0,2025-09-22 22:57:55
194,397540,5371.0,2025-09-22 22:58:24
195,238960,6287.0,2025-09-22 22:58:53
196,3489700,1860.0,2025-09-22 22:59:22
197,1446780,1479.0,2025-09-22 22:59:52
198,244850,8804.0,2025-09-22 23:00:21
199,477160,1377.0,2025-09-22 23:00:50
200,1293830,1990.0,2025-09-22 23:01:19
201,700330,2368.0,2025-09-22 23:01:48
202,1909950,1342.0,2025-09-22 23:02:17
203,1778820,4490.0,2025-09-22 23:02:46
204,306130,10858.0,2025-09-22 23:03:15
205,391220,1459.0,2025-09-22 23:03:44
206,2016590,4015.0,2025-09-22 23:04:14
207,440900,7278.0,2025-09-22 23:04:43
208,728880,1027.0,2025-09-22 23:05:12
209,431730,5465.0,2025-09-22 23:05:41
210,1284210,6458.0,2025-09-22 23:06:10
211,1295660,6164.0,2025-09-22 23:06:39
212,815370,1959.0,2025-09-22 23:07:08
213,233860,4999.0,2025-09-22 23:07:37
214,1211020,2977.0,2025-09-22 23:08:07
215,2949320,1404.0,2025-09-22 23:08:36
216,2050650,3277.0,2025-09-22 23:09:05
217,3059520,4199.0,2025-09-22 23:09:34
218,379430,4538.0,2025-09-22 23:10:03
219,518790,3586.0,2025-09-22 23:10:32
220,916440,4242.0,2025-09-22 23:11:01
221,1144200,6833.0,2025-09-22 23:11:30
222,1876890,726.0,2025-09-22 23:11:59
223,1604270,3415.0,2025-09-22 23:12:29
224,3321660,3118.0,2025-09-22 23:12:58
225,214950,5775.0,2025-09-22 23:13:27
226,632360,5943.0,2025-09-22 23:13:56
227,262060,2514.0,2025-09-22 23:14:25
228,2471100,4347.0,2025-09-22 23:14:54
229,933110,3917.0,2025-09-22 23:15:23
230,270880,6623.0,2025-09-22 23:15:52
231,1868140,1539.0,2025-09-22 23:16:21
232,2277560,1015.0,2025-09-22 23:16:50
233,1366540,2212.0,2025-09-22 23:17:20
234,242760,2937.0,2025-09-22 23:17:49
235,1904540,4050.0,2025-09-22 23:18:18
236,3199170,3795.0,2025-09-22 23:18:47
237,48700,2354.0,2025-09-22 23:19:16
238,914690,12.0,2025-09-22 23:19:45
239,3180070,4915.0,2025-09-22 23:20:14
240,1943950,1136.0,2025-09-22 23:20:44
241,1267910,3173.0,2025-09-22 23:21:13
242,1304930,3617.0,2025-09-22 23:21:42
243,588650,1831.0,2025-09-22 23:22:11
244,2642680,5160.0,2025-09-22 23:22:40
245,1066780,3169.0,2025-09-22 23:23:09
246,544810,624.0,2025-09-22 23:23:38
247,2384580,693.0,2025-09-22 23:24:08
248,945360,6166.0,2025-09-22 23:24:37
249,1621690,1972.0,2025-09-22 23:25:06
250,730,855152.0,2025-09-22 23:25:35
251,570,587796.0,2025-09-22 23:26:04
252,578080,124572.0,2025-09-22 23:26:33
253,2507950,47066.0,2025-09-22 23:27:02
254,1172470,50089.0,2025-09-22 23:27:31
255,1030300,143078.0,2025-09-22 23:28:01
256,3419430,79552.0,2025-09-22 23:28:30
257,1203220,9382.0,2025-09-22 23:28:59
258,431960,46947.0,2025-09-22 23:29:28
259,1285190,137062.0,2025-09-22 23:29:57
260,2694490,97949.0,2025-09-22 23:30:26
261,2923300,93377.0,2025-09-22 23:30:55
262,252490,86710.0,2025-09-22 23:31:24
263,413150,40996.0,2025-09-22 23:31:54
264,3008130,57597.0,2025-09-22 23:32:23
265,218,85820.0,2025-09-22 23:32:52
266,271590,47436.0,2025-09-22 23:33:21
267,480,36005.0,2025-09-22 23:33:50
268,236390,37072.0,2025-09-22 23:34:19
269,2622380,21818.0,2025-09-22 23:34:48
270,322330,14073.0,2025-09-22 23:35:17
271,3354750,105100.0,2025-09-22 23:35:47
272,3240220,24130.0,2025-09-22 23:36:16
273,2252570,44259.0,2025-09-22 23:36:45
274,381210,43549.0,2025-09-22 23:37:14
275,359550,49602.0,2025-09-22 23:37:43
276,440,49765.0,2025-09-22 23:38:12
277,367520,44010.0,2025-09-22 23:38:41
278,230410,34046.0,2025-09-22 23:39:10
279,240,43075.0,2025-09-22 23:39:39
280,1086940,51403.0,2025-09-22 23:40:08
281,1091500,33391.0,2025-09-22 23:40:37
282,438100,36838.0,2025-09-22 23:41:06
283,394360,28008.0,2025-09-22 23:41:36
284,2767030,73233.0,2025-09-22 23:42:05
285,1973530,15683.0,2025-09-22 23:42:34
286,553850,49043.0,2025-09-22 23:43:03
287,1366800,39124.0,2025-09-22 23:43:32
288,289070,24085.0,2025-09-22 23:44:01
289,221100,44091.0,2025-09-22 23:44:30
290,1623730,20317.0,2025-09-22 23:44:59
291,2444750,13601.0,2025-09-22 23:45:28
292,261550,19752.0,2025-09-22 23:45:57
293,2073620,43344.0,2025-09-22 23:46:27
294,1174180,22155.0,2025-09-22 23:46:56
295,1364780,6880.0,2025-09-22 23:47:25
296,218620,30085.0,2025-09-22 23:47:54
297,2357570,31839.0,2025-09-22 23:48:23
298,294100,25041.0,2025-09-22 23:48:52
299,251570,21069.0,2025-09-22 23:49:21
300,275850,34314.0,2025-09-22 23:49:50
301,227300,19311.0,2025-09-22 23:50:19
302,2669320,21295.0,2025-09-22 23:50:48
303,1938090,40146.0,2025-09-22 23:51:17
304,1245620,17358.0,2025-09-22 23:51:47
305,1422450,,2025-09-22 23:52:16
306,1281930,13747.0,2025-09-22 23:52:45
307,1260320,3316.0,2025-09-22 23:53:14
308,2139460,14155.0,2025-09-22 23:53:43
309,552990,14591.0,2025-09-22 23:54:12
310,2358720,3639.0,2025-09-22 23:54:41
311,1222670,23962.0,2025-09-22 23:55:10
312,1517290,13936.0,2025-09-22 23:55:39
313,1142710,20657.0,2025-09-22 23:56:08
314,2584990,6488.0,2025-09-22 23:56:38
315,892970,27407.0,2025-09-22 23:57:07
316,3527290,19727.0,2025-09-22 23:57:36
317,105600,14246.0,2025-09-22 23:58:05
318,346110,12580.0,2025-09-22 23:58:34
319,1905180,10825.0,2025-09-22 23:59:03
320,1771300,16200.0,2025-09-22 23:59:32
321,108600,20229.0,2025-09-23 00:00:02
322,550,17792.0,2025-09-23 00:00:31
323,3241660,15256.0,2025-09-23 00:01:00
324,2300320,17067.0,2025-09-23 00:01:29
325,250900,15750.0,2025-09-23 00:01:58
326,1449850,9552.0,2025-09-23 00:02:27
327,322170,19550.0,2025-09-23 00:02:56
328,3472040,11560.0,2025-09-23 00:03:25
329,284160,16709.0,2025-09-23 00:03:54
330,2429640,19405.0,2025-09-23 00:04:23
331,1426210,3012.0,2025-09-23 00:04:52
332,582660,18083.0,2025-09-23 00:05:21
333,1158310,16853.0,2025-09-23 00:05:51
334,2246340,5459.0,2025-09-23 00:06:20
335,766570,4672.0,2025-09-23 00:06:49
336,513710,10750.0,2025-09-23 00:07:18
337,1325860,6206.0,2025-09-23 00:07:47
338,2878980,3895.0,2025-09-23 00:08:16
339,3037410,16968.0,2025-09-23 00:08:45
340,813780,13985.0,2025-09-23 00:09:14
341,489830,19050.0,2025-09-23 00:09:43
342,2399830,14768.0,2025-09-23 00:10:12
343,526870,17556.0,2025-09-23 00:10:42
344,4000,16350.0,2025-09-23 00:11:11
345,646570,7872.0,2025-09-23 00:11:40
346,292030,9297.0,2025-09-23 00:12:09
347,3405340,23044.0,2025-09-23 00:12:38
348,1623660,14541.0,2025-09-23 00:13:07
349,281990,17344.0,2025-09-23 00:13:36
350,1049590,1808.0,2025-09-23 00:14:05
351,1145360,9066.0,2025-09-23 00:14:34
352,1085660,20582.0,2025-09-23 00:15:03
353,629520,12648.0,2025-09-23 00:15:32
354,2183900,12721.0,2025-09-23 00:16:02
355,582010,3631.0,2025-09-23 00:16:31
356,427520,15679.0,2025-09-23 00:17:00
357,3224770,16155.0,2025-09-23 00:17:29
358,2073850,16992.0,2025-09-23 00:17:58
359,1665460,12534.0,2025-09-23 00:18:27
360,236850,12213.0,2025-09-23 00:18:56
361,594650,8024.0,2025-09-23 00:19:25
362,3513350,8453.0,2025-09-23 00:19:54
363,365670,9088.0,2025-09-23 00:20:23
364,1172710,17587.0,2025-09-23 00:20:52
365,8930,13314.0,2025-09-23 00:21:21
366,1407200,6854.0,2025-09-23 00:21:51
367,3447040,1066.0,2025-09-23 00:22:20
368,393380,7235.0,2025-09-23 00:22:49
369,3142050,10201.0,2025-09-23 00:23:18
370,1329410,1287.0,2025-09-23 00:23:47
371,1551360,6092.0,2025-09-23 00:24:17
372,39210,16787.0,2025-09-23 00:24:46
373,1466860,6615.0,2025-09-23 00:25:15
374,2321470,10156.0,2025-09-23 00:25:44
375,1818450,4075.0,2025-09-23 00:26:13
376,1283970,6080.0,2025-09-23 00:26:42
377,3478050,745.0,2025-09-23 00:27:11
378,377160,13021.0,2025-09-23 00:27:40
379,252950,21863.0,2025-09-23 00:28:09
380,548430,5490.0,2025-09-23 00:28:39
381,255710,5804.0,2025-09-23 00:29:08
382,739630,11383.0,2025-09-23 00:29:37
383,239140,6312.0,2025-09-23 00:30:06
384,10,7064.0,2025-09-23 00:30:35
385,1454400,9406.0,2025-09-23 00:31:04
386,2763740,8462.0,2025-09-23 00:31:33
387,304930,10245.0,2025-09-23 00:32:02
388,1599340,10000.0,2025-09-23 00:32:32
389,1920960,2104.0,2025-09-23 00:33:01
390,3164500,15525.0,2025-09-23 00:33:30
391,107410,8589.0,2025-09-23 00:33:59
392,1568590,1755.0,2025-09-23 00:34:28
393,1063730,10447.0,2025-09-23 00:34:57
394,2001120,1748.0,2025-09-23 00:35:26
395,457140,4354.0,2025-09-23 00:35:55
396,244210,7881.0,2025-09-23 00:36:24
397,761890,7452.0,2025-09-23 00:36:54
398,1238840,2944.0,2025-09-23 00:37:23
399,2707930,10327.0,2025-09-23 00:37:52
400,2379780,10327.0,2025-09-23 00:38:21
401,534380,4987.0,2025-09-23 00:38:50
402,990080,6708.0,2025-09-23 00:39:19
403,2426960,6125.0,2025-09-23 00:39:48
404,3564400,3254.0,2025-09-23 00:40:17
405,1903340,7451.0,2025-09-23 00:40:46
406,1238810,1482.0,2025-09-23 00:41:15
407,3061570,6328.0,2025-09-23 00:41:45
408,3231090,7725.0,2025-09-23 00:42:14
409,529340,5379.0,2025-09-23 00:42:43
410,1476970,7611.0,2025-09-23 00:43:12
411,1248130,5253.0,2025-09-23 00:43:41
412,949230,5010.0,2025-09-23 00:44:10
413,2508780,3013.0,2025-09-23 00:44:39
414,2452280,2594.0,2025-09-23 00:45:08
415,1942280,3080.0,2025-09-23 00:45:37
416,216150,6737.0,2025-09-23 00:46:06
417,3165720,7574.0,2025-09-23 00:46:35
418,291550,10465.0,2025-09-23 00:47:04
419,1874880,10920.0,2025-09-23 00:47:34
420,648800,3796.0,2025-09-23 00:48:03
421,3557620,2061.0,2025-09-23 00:48:33
422,1687950,3473.0,2025-09-23 00:49:02
423,2074920,4240.0,2025-09-23 00:49:31
424,376210,5714.0,2025-09-23 00:50:00
425,812140,3035.0,2025-09-23 00:50:29
426,960090,7244.0,2025-09-23 00:50:58
427,1203620,5406.0,2025-09-23 00:51:28
428,993090,3602.0,2025-09-23 00:51:57
429,2141910,8069.0,2025-09-23 00:52:26
430,714010,2468.0,2025-09-23 00:52:55
431,2709570,4158.0,2025-09-23 00:53:24
432,3159330,3423.0,2025-09-23 00:53:53
433,814380,1688.0,2025-09-23 00:54:22
434,1757300,9768.0,2025-09-23 00:54:51
435,1151340,7180.0,2025-09-23 00:55:20
436,444200,2403.0,2025-09-23 00:55:50
437,899770,3596.0,2025-09-23 00:56:19
438,779340,1696.0,2025-09-23 00:56:48
439,1326470,4198.0,2025-09-23 00:57:17
440,3659280,8077.0,2025-09-23 00:57:46
441,1468810,998.0,2025-09-23 00:58:15
442,835570,1518.0,2025-09-23 00:58:44
443,2918500,188.0,2025-09-23 00:59:14
444,397540,4407.0,2025-09-23 00:59:43
445,238960,4881.0,2025-09-23 01:00:12
446,3489700,1580.0,2025-09-23 01:00:41
447,1446780,1438.0,2025-09-23 01:01:10
448,244850,7039.0,2025-09-23 01:01:39
449,477160,826.0,2025-09-23 01:02:08
450,1293830,1265.0,2025-09-23 01:02:37
451,700330,1643.0,2025-09-23 01:03:06
452,1909950,1566.0,2025-09-23 01:03:35
453,1778820,3969.0,2025-09-23 01:04:04
454,306130,8676.0,2025-09-23 01:04:34
455,391220,1176.0,2025-09-23 01:05:03
456,2016590,3773.0,2025-09-23 01:05:32
457,440900,6338.0,2025-09-23 01:06:01
458,728880,821.0,2025-09-23 01:06:30
459,431730,4998.0,2025-09-23 01:06:59
460,1284210,5230.0,2025-09-23 01:07:28
461,1295660,5137.0,2025-09-23 01:07:57
462,815370,1535.0,2025-09-23 01:08:27
463,233860,4366.0,2025-09-23 01:08:56
464,1211020,3542.0,2025-09-23 01:09:25
465,2949320,1475.0,2025-09-23 01:09:54
466,2050650,3181.0,2025-09-23 01:10:23
467,3059520,2840.0,2025-09-23 01:10:52
468,379430,3080.0,2025-09-23 01:11:21
469,518790,2949.0,2025-09-23 01:11:50
470,916440,2544.0,2025-09-23 01:12:20
471,1144200,5296.0,2025-09-23 01:12:49
472,1876890,626.0,2025-09-23 01:13:18
473,1604270,2237.0,2025-09-23 01:13:47
474,3321660,2255.0,2025-09-23 01:14:16
475,214950,4141.0,2025-09-23 01:14:45
476,632360,5789.0,2025-09-23 01:15:14
477,262060,2134.0,2025-09-23 01:15:44
478,2471100,3850.0,2025-09-23 01:16:13
479,933110,3263.0,2025-09-23 01:16:42
480,270880,7227.0,2025-09-23 01:17:11
481,1868140,1325.0,2025-09-23 01:17:40
482,2277560,632.0,2025-09-23 01:18:09
483,1366540,1851.0,2025-09-23 01:18:38
484,242760,2423.0,2025-09-23 01:19:07
485,1904540,2597.0,2025-09-23 01:19:36
486,3199170,3848.0,2025-09-23 01:20:05
487,48700,1788.0,2025-09-23 01:20:34
488,914690,15.0,2025-09-23 01:21:04
489,3180070,3816.0,2025-09-23 01:21:33
490,1943950,825.0,2025-09-23 01:22:02
491,1267910,3032.0,2025-09-23 01:22:31
492,1304930,2923.0,2025-09-23 01:23:00
493,588650,1515.0,2025-09-23 01:23:29
494,2642680,4566.0,2025-09-23 01:23:58
495,1066780,1891.0,2025-09-23 01:24:27
496,544810,594.0,2025-09-23 01:24:56
497,2384580,684.0,2025-09-23 01:25:26
498,945360,4421.0,2025-09-23 01:25:55
499,1621690,1768.0,2025-09-23 01:26:24
500,730,677679.0,2025-09-23 01:26:53
501,570,455887.0,2025-09-23 01:27:22
502,578080,76695.0,2025-09-23 01:27:51
503,2507950,40980.0,2025-09-23 01:28:20
504,1172470,42318.0,2025-09-23 01:28:49
505,1030300,129791.0,2025-09-23 01:29:18
506,3419430,66915.0,2025-09-23 01:29:48
507,1203220,7081.0,2025-09-23 01:30:17
508,431960,43755.0,2025-09-23 01:30:46
509,1285190,140171.0,2025-09-23 01:31:15
510,2694490,77096.0,2025-09-23 01:31:44
511,2923300,91624.0,2025-09-23 01:32:13
512,252490,74413.0,2025-09-23 01:32:42
513,413150,38927.0,2025-09-23 01:33:11
514,3008130,48901.0,2025-09-23 01:33:40
515,218,73008.0,2025-09-23 01:34:10
516,271590,34502.0,2025-09-23 01:34:39
517,480,25446.0,2025-09-23 01:35:08
518,236390,30033.0,2025-09-23 01:35:37
519,2622380,21397.0,2025-09-23 01:36:06
520,322330,12075.0,2025-09-23 01:36:35
521,3354750,106626.0,2025-09-23 01:37:04
522,3240220,21429.0,2025-09-23 01:37:33
523,2252570,29229.0,2025-09-23 01:38:03
524,381210,38434.0,2025-09-23 01:38:32
525,359550,47251.0,2025-09-23 01:39:01
526,440,47872.0,2025-09-23 01:39:30
527,367520,41952.0,2025-09-23 01:39:59
528,230410,30593.0,2025-09-23 01:40:28
529,240,39006.0,2025-09-23 01:40:57
530,1086940,46558.0,2025-09-23 01:41:26
531,1091500,28748.0,2025-09-23 01:41:55
532,438100,36548.0,2025-09-23 01:42:25
533,394360,22298.0,2025-09-23 01:42:54
534,2767030,78958.0,2025-09-23 01:43:23
535,1973530,16392.0,2025-09-23 01:43:52
536,553850,51541.0,2025-09-23 01:44:21
537,1366800,36393.0,2025-09-23 01:44:50
538,289070,20885.0,2025-09-23 01:45:19
539,221100,35896.0,2025-09-23 01:45:48
540,1623730,19441.0,2025-09-23 01:46:18
541,2444750,12739.0,2025-09-23 01:46:47
542,261550,15859.0,2025-09-23 01:47:16
543,2073620,38484.0,2025-09-23 01:47:45
544,1174180,19651.0,2025-09-23 01:48:14
545,1364780,7922.0,2025-09-23 01:48:43
546,218620,31151.0,2025-09-23 01:49:12
547,2357570,31114.0,2025-09-23 01:49:42
548,294100,23410.0,2025-09-23 01:50:11
549,251570,19635.0,2025-09-23 01:50:40
550,275850,30004.0,2025-09-23 01:51:09
551,227300,13173.0,2025-09-23 01:51:38
552,2669320,18121.0,2025-09-23 01:52:07
553,1938090,43305.0,2025-09-23 01:52:36
554,1245620,16135.0,2025-09-23 01:53:06
555,1422450,,2025-09-23 01:53:35
556,1281930,13779.0,2025-09-23 01:54:04
557,1260320,3200.0,2025-09-23 01:54:33
558,2139460,13254.0,2025-09-23 01:55:02
559,552990,13698.0,2025-09-23 01:55:32
560,2358720,3505.0,2025-09-23 01:56:01
561,1222670,23092.0,2025-09-23 01:56:30
562,1517290,13214.0,2025-09-23 01:56:59
563,1142710,16341.0,2025-09-23 01:57:28
564,2584990,8149.0,2025-09-23 01:57:58
565,892970,24326.0,2025-09-23 01:58:27
566,3527290,19151.0,2025-09-23 01:58:56
567,105600,13844.0,2025-09-23 01:59:25
568,346110,11308.0,2025-09-23 01:59:54
569,1905180,9845.0,2025-09-23 02:00:23
570,1771300,11436.0,2025-09-23 02:00:52
571,108600,19554.0,2025-09-23 02:01:21
572,550,19651.0,2025-09-23 02:01:50
573,3241660,12834.0,2025-09-23 02:02:19
574,2300320,13204.0,2025-09-23 02:02:49
575,250900,13756.0,2025-09-23 02:03:18
576,1449850,10174.0,2025-09-23 02:03:47
577,322170,19899.0,2025-09-23 02:04:16
578,3472040,11299.0,2025-09-23 02:04:45
579,284160,16274.0,2025-09-23 02:05:14
580,2429640,17721.0,2025-09-23 02:05:43
581,1426210,2512.0,2025-09-23 02:06:12
582,582660,17391.0,2025-09-23 02:06:41
583,1158310,14187.0,2025-09-23 02:07:10
584,2246340,6522.0,2025-09-23 02:07:40
585,766570,3825.0,2025-09-23 02:08:09
586,513710,9475.0,2025-09-23 02:08:38
587,1325860,6913.0,2025-09-23 02:09:07
588,2878980,3909.0,2025-09-23 02:09:36
589,3037410,16957.0,2025-09-23 02:10:05
590,813780,12587.0,2025-09-23 02:10:34
591,489830,17832.0,2025-09-23 02:11:03
592,2399830,14461.0,2025-09-23 02:11:33
593,526870,15177.0,2025-09-23 02:12:02
594,4000,15010.0,2025-09-23 02:12:31
595,646570,8141.0,2025-09-23 02:13:00
596,292030,6935.0,2025-09-23 02:13:29
597,3405340,22206.0,2025-09-23 02:13:58
598,1623660,14680.0,2025-09-23 02:14:27
599,281990,15936.0,2025-09-23 02:14:56
600,1049590,1907.0,2025-09-23 02:15:26
601,1145360,8243.0,2025-09-23 02:15:55
602,1085660,21356.0,2025-09-23 02:16:24
603,629520,10734.0,2025-09-23 02:16:53
604,2183900,11790.0,2025-09-23 02:17:22
605,582010,4100.0,2025-09-23 02:17:51
606,427520,13277.0,2025-09-23 02:18:20
607,3224770,16321.0,2025-09-23 02:18:49
608,2073850,17110.0,2025-09-23 02:19:18
609,1665460,11348.0,2025-09-23 02:19:47
610,236850,9183.0,2025-09-23 02:20:17
611,594650,6414.0,2025-09-23 02:20:46
612,3513350,8220.0,2025-09-23 02:21:15
613,365670,8447.0,2025-09-23 02:21:44
614,1172710,16468.0,2025-09-23 02:22:13
615,8930,11977.0,2025-09-23 02:22:42
616,1407200,4816.0,2025-09-23 02:23:11
617,3447040,1383.0,2025-09-23 02:23:40
618,393380,6423.0,2025-09-23 02:24:09
619,3142050,9524.0,2025-09-23 02:24:39
620,1329410,1714.0,2025-09-23 02:25:08
621,1551360,5274.0,2025-09-23 02:25:37
622,39210,17990.0,2025-09-23 02:26:06
623,1466860,5267.0,2025-09-23 02:26:35
624,2321470,8295.0,2025-09-23 02:27:04
625,1818450,3026.0,2025-09-23 02:27:33
626,1283970,6267.0,2025-09-23 02:28:03
627,3478050,724.0,2025-09-23 02:28:32
628,377160,12769.0,2025-09-23 02:29:01
629,252950,19249.0,2025-09-23 02:29:30
630,548430,5176.0,2025-09-23 02:29:59
631,255710,5492.0,2025-09-23 02:30:28
632,739630,12526.0,2025-09-23 02:30:57
633,239140,5519.0,2025-09-23 02:31:27
634,10,6238.0,2025-09-23 02:31:56
635,1454400,9317.0,2025-09-23 02:32:25
636,2763740,8080.0,2025-09-23 02:32:54
637,304930,10018.0,2025-09-23 02:33:23
638,1599340,9442.0,2025-09-23 02:33:52
639,1920960,2775.0,2025-09-23 02:34:21
640,3164500,16330.0,2025-09-23 02:34:50
641,107410,8138.0,2025-09-23 02:35:19
642,1568590,1295.0,2025-09-23 02:35:48
643,1063730,10425.0,2025-09-23 02:36:17
644,2001120,1696.0,2025-09-23 02:36:46
645,457140,4565.0,2025-09-23 02:37:16
646,244210,7307.0,2025-09-23 02:37:45
647,761890,6711.0,2025-09-23 02:38:14
648,1238840,2633.0,2025-09-23 02:38:43
649,2707930,10747.0,2025-09-23 02:39:12
650,2379780,10182.0,2025-09-23 02:39:41
651,534380,4247.0,2025-09-23 02:40:10
652,990080,6403.0,2025-09-23 02:40:39
653,2426960,5651.0,2025-09-23 02:41:08
654,3564400,4175.0,2025-09-23 02:41:37
655,1903340,6468.0,2025-09-23 02:42:07
656,1238810,1452.0,2025-09-23 02:42:36
657,3061570,6116.0,2025-09-23 02:43:05
658,3231090,7806.0,2025-09-23 02:43:34
659,529340,4780.0,2025-09-23 02:44:03
660,1476970,7216.0,2025-09-23 02:44:32
661,1248130,4505.0,2025-09-23 02:45:02
662,949230,4725.0,2025-09-23 02:45:31
663,2508780,4024.0,2025-09-23 02:46:00
664,2452280,3140.0,2025-09-23 02:46:29
665,1942280,3070.0,2025-09-23 02:46:58
666,216150,8469.0,2025-09-23 02:47:28
667,3165720,6936.0,2025-09-23 02:47:57
668,291550,10593.0,2025-09-23 02:48:26
669,1874880,10904.0,2025-09-23 02:48:55
670,648800,3499.0,2025-09-23 02:49:24
671,3557620,2111.0,2025-09-23 02:49:53
672,1687950,3682.0,2025-09-23 02:50:22
673,2074920,4221.0,2025-09-23 02:50:52
674,376210,5523.0,2025-09-23 02:51:21
675,812140,2838.0,2025-09-23 02:51:50
676,960090,7472.0,2025-09-23 02:52:19
677,1203620,5207.0,2025-09-23 02:52:48
678,993090,3648.0,2025-09-23 02:53:18
679,2141910,7914.0,2025-09-23 02:53:47
680,714010,2622.0,2025-09-23 02:54:16
681,2709570,3759.0,2025-09-23 02:54:45
682,3159330,3264.0,2025-09-23 02:55:14
683,814380,2123.0,2025-09-23 02:55:43
684,1757300,12382.0,2025-09-23 02:56:12
685,1151340,7257.0,2025-09-23 02:56:41
686,444200,1912.0,2025-09-23 02:57:11
687,899770,3810.0,2025-09-23 02:57:40
688,779340,1963.0,2025-09-23 02:58:09
689,1326470,3967.0,2025-09-23 02:58:38
690,3659280,7641.0,2025-09-23 02:59:07
691,1468810,1446.0,2025-09-23 02:59:36
692,835570,1652.0,2025-09-23 03:00:05
693,2918500,391.0,2025-09-23 03:00:34
694,397540,4551.0,2025-09-23 03:01:04
695,238960,4274.0,2025-09-23 03:01:33
696,3489700,1764.0,2025-09-23 03:02:02
697,1446780,1855.0,2025-09-23 03:02:31
698,244850,6689.0,2025-09-23 03:03:00
699,477160,932.0,2025-09-23 03:03:29
700,1293830,1218.0,2025-09-23 03:03:58
701,700330,1825.0,2025-09-23 03:04:27
702,1909950,2177.0,2025-09-23 03:04:56
703,1778820,3872.0,2025-09-23 03:05:26
704,306130,8476.0,2025-09-23 03:05:55
705,391220,1397.0,2025-09-23 03:06:24
706,2016590,3568.0,2025-09-23 03:06:53
707,440900,5919.0,2025-09-23 03:07:22
708,728880,994.0,2025-09-23 03:07:51
709,431730,5039.0,2025-09-23 03:08:20
710,1284210,5612.0,2025-09-23 03:08:49
711,1295660,5118.0,2025-09-23 03:09:18
712,815370,1701.0,2025-09-23 03:09:47
713,233860,4349.0,2025-09-23 03:10:17
714,1211020,3109.0,2025-09-23 03:10:46
715,2949320,2029.0,2025-09-23 03:11:15
716,2050650,3385.0,2025-09-23 03:11:44
717,3059520,2735.0,2025-09-23 03:12:13
718,379430,2663.0,2025-09-23 03:12:42
719,518790,3098.0,2025-09-23 03:13:11
720,916440,2321.0,2025-09-23 03:13:40
721,1144200,6259.0,2025-09-23 03:14:10
722,1876890,1085.0,2025-09-23 03:14:39
723,1604270,2142.0,2025-09-23 03:15:08
724,3321660,2064.0,2025-09-23 03:15:37
725,214950,3621.0,2025-09-23 03:16:06
726,632360,6469.0,2025-09-23 03:16:35
727,262060,2283.0,2025-09-23 03:17:04
728,2471100,3703.0,2025-09-23 03:17:33
729,933110,3192.0,2025-09-23 03:18:02
730,270880,7858.0,2025-09-23 03:18:31
731,1868140,1595.0,2025-09-23 03:19:01
732,2277560,1313.0,2025-09-23 03:19:30
733,1366540,2133.0,2025-09-23 03:19:59
734,242760,2369.0,2025-09-23 03:20:28
735,1904540,2205.0,2025-09-23 03:20:57
736,3199170,4055.0,2025-09-23 03:21:26
737,48700,1807.0,2025-09-23 03:21:55
738,914690,6.0,2025-09-23 03:22:24
739,3180070,3673.0,2025-09-23 03:22:53
740,1943950,795.0,2025-09-23 03:23:23
741,1267910,3262.0,2025-09-23 03:23:52
742,1304930,3359.0,2025-09-23 03:24:21
743,588650,1726.0,2025-09-23 03:24:50
744,2642680,4519.0,2025-09-23 03:25:19
745,1066780,1723.0,2025-09-23 03:25:48
746,544810,1471.0,2025-09-23 03:26:17
747,2384580,1014.0,2025-09-23 03:26:46
748,945360,5241.0,2025-09-23 03:27:15
749,1621690,2001.0,2025-09-23 03:27:44
750,730,633612.0,2025-09-23 03:28:13
751,570,432745.0,2025-09-23 03:28:43
752,578080,92116.0,2025-09-23 03:29:12
753,2507950,49865.0,2025-09-23 03:29:41
754,1172470,49086.0,2025-09-23 03:30:10
755,1030300,136375.0,2025-09-23 03:30:39
756,3419430,85455.0,2025-09-23 03:31:08
757,1203220,13246.0,2025-09-23 03:31:37
758,431960,52614.0,2025-09-23 03:32:07
759,1285190,153210.0,2025-09-23 03:32:36
760,2694490,72044.0,2025-09-23 03:33:05
761,2923300,92053.0,2025-09-23 03:33:34
762,252490,67756.0,2025-09-23 03:34:03
763,413150,46616.0,2025-09-23 03:34:33
764,3008130,48559.0,2025-09-23 03:35:02
765,218,63237.0,2025-09-23 03:35:31
766,271590,30701.0,2025-09-23 03:36:00
767,480,24408.0,2025-09-23 03:36:29
768,236390,30881.0,2025-09-23 03:36:58
769,2622380,27053.0,2025-09-23 03:37:27
770,322330,15254.0,2025-09-23 03:37:56
771,3354750,110298.0,2025-09-23 03:38:25
772,3240220,23708.0,2025-09-23 03:38:55
773,2252570,24304.0,2025-09-23 03:39:24
774,381210,41597.0,2025-09-23 03:39:53
775,359550,50937.0,2025-09-23 03:40:22
776,440,48578.0,2025-09-23 03:40:51
777,367520,43286.0,2025-09-23 03:41:20
778,230410,33789.0,2025-09-23 03:41:49
779,240,36939.0,2025-09-23 03:42:18
780,1086940,52350.0,2025-09-23 03:42:47
781,1091500,30304.0,2025-09-23 03:43:16
782,438100,41133.0,2025-09-23 03:43:46
783,394360,21770.0,2025-09-23 03:44:15
784,2767030,92898.0,2025-09-23 03:44:44
785,1973530,21325.0,2025-09-23 03:45:13
786,553850,64682.0,2025-09-23 03:45:43
787,1366800,35375.0,2025-09-23 03:46:12
788,289070,23326.0,2025-09-23 03:46:41
789,221100,31429.0,2025-09-23 03:47:10
790,1623730,21465.0,2025-09-23 03:47:39
791,2444750,15804.0,2025-09-23 03:48:08
792,261550,16493.0,2025-09-23 03:48:37
793,2073620,36879.0,2025-09-23 03:49:07
794,1174180,20389.0,2025-09-23 03:49:36
795,1364780,11678.0,2025-09-23 03:50:05
796,218620,31727.0,2025-09-23 03:50:34
797,2357570,34734.0,2025-09-23 03:51:03
798,294100,24640.0,2025-09-23 03:51:32
799,251570,21187.0,2025-09-23 03:52:01
800,275850,30735.0,2025-09-23 03:52:31
801,227300,10225.0,2025-09-23 03:53:00
802,2669320,16574.0,2025-09-23 03:53:29
803,1938090,44243.0,2025-09-23 03:53:58
804,1245620,17680.0,2025-09-23 03:54:27
805,1422450,,2025-09-23 03:54:56
806,1281930,15490.0,2025-09-23 03:55:25
807,1260320,5218.0,2025-09-23 03:55:55
808,2139460,14288.0,2025-09-23 03:56:24
809,552990,15825.0,2025-09-23 03:56:53
810,2358720,6051.0,2025-09-23 03:57:22
811,1222670,22307.0,2025-09-23 03:57:51
812,1517290,14300.0,2025-09-23 03:58:20
813,1142710,16027.0,2025-09-23 03:58:49
814,2584990,11267.0,2025-09-23 03:59:18
815,892970,24768.0,2025-09-23 03:59:47
816,3527290,25374.0,2025-09-23 04:00:16
817,105600,15233.0,2025-09-23 04:00:45
818,346110,11561.0,2025-09-23 04:01:14
819,1905180,10214.0,2025-09-23 04:01:44
820,1771300,11140.0,2025-09-23 04:02:13
821,108600,19566.0,2025-09-23 04:02:42
822,550,24506.0,2025-09-23 04:03:11
823,3241660,16305.0,2025-09-23 04:03:40
824,2300320,11311.0,2025-09-23 04:04:09
825,250900,13663.0,2025-09-23 04:04:38
826,1449850,12748.0,2025-09-23 04:05:07
827,322170,17757.0,2025-09-23 04:05:36
828,3472040,12364.0,2025-09-23 04:06:06
829,284160,14714.0,2025-09-23 04:06:35
830,2429640,16259.0,2025-09-23 04:07:04
831,1426210,2991.0,2025-09-23 04:07:33
832,582660,16585.0,2025-09-23 04:08:02
833,1158310,13536.0,2025-09-23 04:08:31
834,2246340,8893.0,2025-09-23 04:09:00
835,766570,5717.0,2025-09-23 04:09:29
836,513710,9944.0,2025-09-23 04:09:58
837,1325860,8353.0,2025-09-23 04:10:27
838,2878980,5639.0,2025-09-23 04:10:57
839,3037410,16947.0,2025-09-23 04:11:26
840,813780,13509.0,2025-09-23 04:11:55
841,489830,17397.0,2025-09-23 04:12:24
842,2399830,13965.0,2025-09-23 04:12:53
843,526870,14798.0,2025-09-23 04:13:22
844,4000,13506.0,2025-09-23 04:13:51
845,646570,10552.0,2025-09-23 04:14:20
846,292030,6682.0,2025-09-23 04:14:49
847,3405340,22746.0,2025-09-23 04:15:18
848,1623660,14970.0,2025-09-23 04:15:48
849,281990,16642.0,2025-09-23 04:16:17
850,1049590,2984.0,2025-09-23 04:16:46
851,1145360,9224.0,2025-09-23 04:17:15
852,1085660,21789.0,2025-09-23 04:17:44
853,629520,9905.0,2025-09-23 04:18:13
854,2183900,12190.0,2025-09-23 04:18:42
855,582010,5669.0,2025-09-23 04:19:11
856,427520,13177.0,2025-09-23 04:19:41
857,3224770,17526.0,2025-09-23 04:20:10
858,2073850,18411.0,2025-09-23 04:20:39
859,1665460,10979.0,2025-09-23 04:21:08
860,236850,8664.0,2025-09-23 04:21:37
861,594650,6845.0,2025-09-23 04:22:06
862,3513350,8650.0,2025-09-23 04:22:35
863,365670,9135.0,2025-09-23 04:23:04
864,1172710,15449.0,2025-09-23 04:23:33
865,8930,11511.0,2025-09-23 04:24:02
866,1407200,4416.0,2025-09-23 04:24:32
867,3447040,2991.0,2025-09-23 04:25:01
868,393380,6300.0,2025-09-23 04:25:30
869,3142050,9222.0,2025-09-23 04:25:59
870,1329410,3602.0,2025-09-23 04:26:28
871,1551360,5411.0,2025-09-23 04:26:57
872,39210,18058.0,2025-09-23 04:27:26
873,1466860,5732.0,2025-09-23 04:27:55
874,2321470,8148.0,2025-09-23 04:28:24
875,1818450,2592.0,2025-09-23 04:28:54
876,1283970,7123.0,2025-09-23 04:29:23
877,3478050,1806.0,2025-09-23 04:29:52
878,377160,12482.0,2025-09-23 04:30:21
879,252950,18528.0,2025-09-23 04:30:50
880,548430,5623.0,2025-09-23 04:31:19
881,255710,6358.0,2025-09-23 04:31:48
882,739630,14212.0,2025-09-23 04:32:17
883,239140,5533.0,2025-09-23 04:32:46
884,10,6115.0,2025-09-23 04:33:15
885,1454400,9091.0,2025-09-23 04:33:44
886,2763740,8057.0,2025-09-23 04:34:14
887,304930,10109.0,2025-09-23 04:34:43
888,1599340,9050.0,2025-09-23 04:35:12
889,1920960,4792.0,2025-09-23 04:35:41
890,3164500,15870.0,2025-09-23 04:36:10
891,107410,7220.0,2025-09-23 04:36:39
892,1568590,1350.0,2025-09-23 04:37:08
893,1063730,9678.0,2025-09-23 04:37:37
894,2001120,2123.0,2025-09-23 04:38:07
895,457140,5367.0,2025-09-23 04:38:36
896,244210,6257.0,2025-09-23 04:39:05
897,761890,6357.0,2025-09-23 04:39:34
898,1238840,3146.0,2025-09-23 04:40:03
899,2707930,9782.0,2025-09-23 04:40:32
900,2379780,10291.0,2025-09-23 04:41:01
901,534380,4118.0,2025-09-23 04:41:30
902,990080,5834.0,2025-09-23 04:42:00
903,2426960,5664.0,2025-09-23 04:42:29
904,3564400,4825.0,2025-09-23 04:42:58
905,1903340,6595.0,2025-09-23 04:43:27
906,1238810,2162.0,2025-09-23 04:43:56
907,3061570,5735.0,2025-09-23 04:44:25
908,3231090,7777.0,2025-09-23 04:44:54
909,529340,4900.0,2025-09-23 04:45:23
910,1476970,6956.0,2025-09-23 04:45:53
911,1248130,3468.0,2025-09-23 04:46:22
912,949230,4869.0,2025-09-23 04:46:51
913,2508780,4869.0,2025-09-23 04:47:20
914,2452280,3832.0,2025-09-23 04:47:49
915,1942280,3840.0,2025-09-23 04:48:18
916,216150,9108.0,2025-09-23 04:48:47
917,3165720,5921.0,2025-09-23 04:49:17
918,291550,9459.0,2025-09-23 04:49:46
919,1874880,9225.0,2025-09-23 04:50:15
920,648800,3546.0,2025-09-23 04:50:44
921,3557620,661.0,2025-09-23 04:51:13
922,1687950,4545.0,2025-09-23 04:51:43
923,2074920,4375.0,2025-09-23 04:52:12
924,376210,5209.0,2025-09-23 04:52:41
925,812140,3034.0,2025-09-23 04:53:10
926,960090,6943.0,2025-09-23 04:53:39
927,1203620,4744.0,2025-09-23 04:54:08
928,993090,3961.0,2025-09-23 04:54:37
929,2141910,7051.0,2025-09-23 04:55:07
930,714010,3135.0,2025-09-23 04:55:36
931,2709570,3741.0,2025-09-23 04:56:05
932,3159330,3428.0,2025-09-23 04:56:34
933,814380,2878.0,2025-09-23 04:57:03
934,1757300,11934.0,2025-09-23 04:57:32
935,1151340,6764.0,2025-09-23 04:58:01
936,444200,1867.0,2025-09-23 04:58:31
937,899770,3816.0,2025-09-23 04:59:00
938,779340,2865.0,2025-09-23 04:59:29
939,1326470,3894.0,2025-09-23 04:59:58
940,3659280,6647.0,2025-09-23 05:00:27
941,1468810,2480.0,2025-09-23 05:00:56
942,835570,2051.0,2025-09-23 05:01:25
943,2918500,991.0,2025-09-23 05:01:55
944,397540,4530.0,2025-09-23 05:02:24
945,238960,4052.0,2025-09-23 05:02:53
946,3489700,2619.0,2025-09-23 05:03:22
947,1446780,2553.0,2025-09-23 05:03:51
948,244850,5767.0,2025-09-23 05:04:20
949,477160,1191.0,2025-09-23 05:04:49
950,1293830,1718.0,2025-09-23 05:05:19
951,700330,2086.0,2025-09-23 05:05:48
952,1909950,2936.0,2025-09-23 05:06:17
953,1778820,3821.0,2025-09-23 05:06:46
954,306130,7574.0,2025-09-23 05:07:15
955,391220,2150.0,2025-09-23 05:07:44
956,2016590,3575.0,2025-09-23 05:08:14
957,440900,5174.0,2025-09-23 05:08:43
958,728880,1333.0,2025-09-23 05:09:12
959,431730,4893.0,2025-09-23 05:09:41
960,1284210,4718.0,2025-09-23 05:10:10
961,1295660,4801.0,2025-09-23 05:10:39
962,815370,1893.0,2025-09-23 05:11:08
963,233860,4235.0,2025-09-23 05:11:38
964,1211020,1978.0,2025-09-23 05:12:07
965,2949320,2596.0,2025-09-23 05:12:36
966,2050650,3458.0,2025-09-23 05:13:05
967,3059520,2299.0,2025-09-23 05:13:34
968,379430,2622.0,2025-09-23 05:14:03
969,518790,2718.0,2025-09-23 05:14:32
970,916440,2376.0,2025-09-23 05:15:02
971,1144200,5811.0,2025-09-23 05:15:31
972,1876890,2000.0,2025-09-23 05:16:00
973,1604270,2124.0,2025-09-23 05:16:29
974,3321660,2258.0,2025-09-23 05:16:58
975,214950,3083.0,2025-09-23 05:17:27
976,632360,6253.0,2025-09-23 05:17:56
977,262060,2684.0,2025-09-23 05:18:26
978,2471100,3590.0,2025-09-23 05:18:55
979,933110,2940.0,2025-09-23 05:19:24
980,270880,6725.0,2025-09-23 05:19:53
981,1868140,2023.0,2025-09-23 05:20:22
982,2277560,2060.0,2025-09-23 05:20:51
983,1366540,2591.0,2025-09-23 05:21:20
984,242760,2327.0,2025-09-23 05:21:49
985,1904540,2154.0,2025-09-23 05:22:18
986,3199170,3621.0,2025-09-23 05:22:48
987,48700,2132.0,2025-09-23 05:23:17
988,914690,6.0,2025-09-23 05:23:46
989,3180070,3487.0,2025-09-23 05:24:15
990,1943950,1013.0,2025-09-23 05:24:44
991,1267910,3413.0,2025-09-23 05:25:14
992,1304930,3316.0,2025-09-23 05:25:43
993,588650,2031.0,2025-09-23 05:26:12
994,2642680,3650.0,2025-09-23 05:26:41
995,1066780,1723.0,2025-09-23 05:27:10
996,544810,2128.0,2025-09-23 05:27:40
997,2384580,1555.0,2025-09-23 05:28:09
998,945360,4958.0,2025-09-23 05:28:38
999,1621690,2223.0,2025-09-23 05:29:07
1000,730,638585.0,2025-09-23 05:29:36
1001,570,436998.0,2025-09-23 05:30:05
1002,578080,141107.0,2025-09-23 05:30:34
1003,2507950,76720.0,2025-09-23 05:31:03
1004,1172470,58908.0,2025-09-23 05:31:32
1005,1030300,127513.0,2025-09-23 05:32:01
1006,3419430,92204.0,2025-09-23 05:32:30
1007,1203220,25013.0,2025-09-23 05:32:59
1008,431960,63813.0,2025-09-23 05:33:29
1009,1285190,131228.0,2025-09-23 05:33:58
1010,2694490,64176.0,2025-09-23 05:34:27
1011,2923300,90304.0,2025-09-23 05:34:56
1012,252490,58667.0,2025-09-23 05:35:25
1013,413150,47682.0,2025-09-23 05:35:54
1014,3008130,45529.0,2025-09-23 05:36:23
1015,218,51019.0,2025-09-23 05:36:52
1016,271590,27763.0,2025-09-23 05:37:21
1017,480,24658.0,2025-09-23 05:37:50
1018,236390,28976.0,2025-09-23 05:38:19
1019,2622380,30137.0,2025-09-23 05:38:49
1020,322330,20729.0,2025-09-23 05:39:18
1021,3354750,87800.0,2025-09-23 05:39:47
1022,3240220,25350.0,2025-09-23 05:40:16
1023,2252570,23262.0,2025-09-23 05:40:45
1024,381210,37905.0,2025-09-23 05:41:14
1025,359550,41944.0,2025-09-23 05:41:43
1026,440,46376.0,2025-09-23 05:42:12
1027,367520,38508.0,2025-09-23 05:42:41
1028,230410,32249.0,2025-09-23 05:43:10
1029,240,38434.0,2025-09-23 05:43:39
1030,1086940,44849.0,2025-09-23 05:44:08
1031,1091500,29899.0,2025-09-23 05:44:37
1032,438100,42667.0,2025-09-23 05:45:07
1033,394360,21512.0,2025-09-23 05:45:36
1034,2767030,82782.0,2025-09-23 05:46:05
1035,1973530,25244.0,2025-09-23 05:46:34
1036,553850,53798.0,2025-09-23 05:47:03
1037,1366800,31432.0,2025-09-23 05:47:32
1038,289070,24230.0,2025-09-23 05:48:01
1039,221100,25685.0,2025-09-23 05:48:30
1040,1623730,22131.0,2025-09-23 05:48:59
1041,2444750,17733.0,2025-09-23 05:49:29
1042,261550,17455.0,2025-09-23 05:49:58
1043,2073620,30799.0,2025-09-23 05:50:27
1044,1174180,19012.0,2025-09-23 05:50:56
1045,1364780,13869.0,2025-09-23 05:51:25
1046,218620,30200.0,2025-09-23 05:51:54
1047,2357570,31554.0,2025-09-23 05:52:23
1048,294100,23418.0,2025-09-23 05:52:52
1049,251570,19384.0,2025-09-23 05:53:21
1050,275850,25950.0,2025-09-23 05:53:50
1051,227300,8498.0,2025-09-23 05:54:19
1052,2669320,14198.0,2025-09-23 05:54:49
1053,1938090,32876.0,2025-09-23 05:55:18
1054,1245620,16867.0,2025-09-23 05:55:47
1055,1422450,,2025-09-23 05:56:16
1056,1281930,15369.0,2025-09-23 05:56:45
1057,1260320,8054.0,2025-09-23 05:57:14
1058,2139460,14328.0,2025-09-23 05:57:43
1059,552990,16409.0,2025-09-23 05:58:12
1060,2358720,9483.0,2025-09-23 05:58:41
1061,1222670,18980.0,2025-09-23 05:59:10
1062,1517290,12860.0,2025-09-23 05:59:39
1063,1142710,14408.0,2025-09-23 06:00:09
1064,2584990,12330.0,2025-09-23 06:00:38
1065,892970,19660.0,2025-09-23 06:01:07
1066,3527290,22179.0,2025-09-23 06:01:36
1067,105600,14417.0,2025-09-23 06:02:05
1068,346110,11334.0,2025-09-23 06:02:34
1069,1905180,10473.0,2025-09-23 06:03:03
1070,1771300,10477.0,2025-09-23 06:03:32
1071,108600,16849.0,2025-09-23 06:04:01
1072,550,25266.0,2025-09-23 06:04:30
1073,3241660,14283.0,2025-09-23 06:04:59
1074,2300320,8433.0,2025-09-23 06:05:28
1075,250900,12620.0,2025-09-23 06:05:58
1076,1449850,13261.0,2025-09-23 06:06:27
1077,322170,13153.0,2025-09-23 06:06:56
1078,3472040,12346.0,2025-09-23 06:07:25
1079,284160,10960.0,2025-09-23 06:07:54
1080,2429640,13994.0,2025-09-23 06:08:23
1081,1426210,3388.0,2025-09-23 06:08:52
1082,582660,15680.0,2025-09-23 06:09:21
1083,1158310,11867.0,2025-09-23 06:09:50
1084,2246340,9146.0,2025-09-23 06:10:19
1085,766570,7240.0,2025-09-23 06:10:48
1086,513710,9859.0,2025-09-23 06:11:17
1087,1325860,8679.0,2025-09-23 06:11:46
1088,2878980,7863.0,2025-09-23 06:12:16
1089,3037410,16586.0,2025-09-23 06:12:45
1090,813780,11715.0,2025-09-23 06:13:14
1091,489830,14478.0,2025-09-23 06:13:43
1092,2399830,12202.0,2025-09-23 06:14:12
1093,526870,11818.0,2025-09-23 06:14:41
1094,4000,10999.0,2025-09-23 06:15:10
1095,646570,11424.0,2025-09-23 06:15:40
1096,292030,6624.0,2025-09-23 06:16:09
1097,3405340,19217.0,2025-09-23 06:16:38
1098,1623660,15100.0,2025-09-23 06:17:07
1099,281990,15318.0,2025-09-23 06:17:36
1100,1049590,4175.0,2025-09-23 06:18:05
1101,1145360,9609.0,2025-09-23 06:18:35
1102,1085660,18225.0,2025-09-23 06:19:04
1103,629520,8788.0,2025-09-23 06:19:33
1104,2183900,10069.0,2025-09-23 06:20:02
1105,582010,6701.0,2025-09-23 06:20:31
1106,427520,11342.0,2025-09-23 06:21:00
1107,3224770,15981.0,2025-09-23 06:21:29
1108,2073850,15071.0,2025-09-23 06:21:58
1109,1665460,8478.0,2025-09-23 06:22:27
1110,236850,7811.0,2025-09-23 06:22:57
1111,594650,5876.0,2025-09-23 06:23:26
1112,3513350,8491.0,2025-09-23 06:23:55
1113,365670,7784.0,2025-09-23 06:24:24
1114,1172710,11885.0,2025-09-23 06:24:53
1115,8930,9924.0,2025-09-23 06:25:22
1116,1407200,4258.0,2025-09-23 06:25:51
1117,3447040,4129.0,2025-09-23 06:26:20
1118,393380,5366.0,2025-09-23 06:26:50
1119,3142050,8240.0,2025-09-23 06:27:19
1120,1329410,5430.0,2025-09-23 06:27:48
1121,1551360,5355.0,2025-09-23 06:28:17
1122,39210,14050.0,2025-09-23 06:28:46
1123,1466860,5532.0,2025-09-23 06:29:15
1124,2321470,7024.0,2025-09-23 06:29:44
1125,1818450,3073.0,2025-09-23 06:30:13
1126,1283970,7500.0,2025-09-23 06:30:43
1127,3478050,3149.0,2025-09-23 06:31:12
1128,377160,10123.0,2025-09-23 06:31:41
1129,252950,12902.0,2025-09-23 06:32:10
1130,548430,4995.0,2025-09-23 06:32:39
1131,255710,6605.0,2025-09-23 06:33:08
1132,739630,10628.0,2025-09-23 06:33:37
1133,239140,5416.0,2025-09-23 06:34:06
1134,10,4878.0,2025-09-23 06:34:35
1135,1454400,8623.0,2025-09-23 06:35:04
1136,2763740,7896.0,2025-09-23 06:35:34
1137,304930,9912.0,2025-09-23 06:36:03
1138,1599340,7834.0,2025-09-23 06:36:32
1139,1920960,6742.0,2025-09-23 06:37:01
1140,3164500,11668.0,2025-09-23 06:37:30
1141,107410,5832.0,2025-09-23 06:37:59
1142,1568590,1405.0,2025-09-23 06:38:28
1143,1063730,7808.0,2025-09-23 06:38:57
1144,2001120,2126.0,2025-09-23 06:39:26
1145,457140,5694.0,2025-09-23 06:39:55
1146,244210,4836.0,2025-09-23 06:40:24
1147,761890,5420.0,2025-09-23 06:40:54
1148,1238840,3324.0,2025-09-23 06:41:23
1149,2707930,7175.0,2025-09-23 06:41:52
1150,2379780,8317.0,2025-09-23 06:42:21
1151,534380,3921.0,2025-09-23 06:42:50
1152,990080,4640.0,2025-09-23 06:43:19
1153,2426960,5307.0,2025-09-23 06:43:48
1154,3564400,5427.0,2025-09-23 06:44:17
1155,1903340,5242.0,2025-09-23 06:44:46
1156,1238810,2864.0,2025-09-23 06:45:15
1157,3061570,4728.0,2025-09-23 06:45:44
1158,3231090,7640.0,2025-09-23 06:46:14
1159,529340,4681.0,2025-09-23 06:46:43
1160,1476970,6683.0,2025-09-23 06:47:12
1161,1248130,2787.0,2025-09-23 06:47:41
1162,949230,4604.0,2025-09-23 06:48:10
1163,2508780,5146.0,2025-09-23 06:48:39
1164,2452280,4591.0,2025-09-23 06:49:08
1165,1942280,4165.0,2025-09-23 06:49:37
1166,216150,8524.0,2025-09-23 06:50:07
1167,3165720,4385.0,2025-09-23 06:50:36
1168,291550,6998.0,2025-09-23 06:51:05
1169,1874880,6401.0,2025-09-23 06:51:34
1170,648800,3294.0,2025-09-23 06:52:03
1171,3557620,561.0,2025-09-23 06:52:32
1172,1687950,4698.0,2025-09-23 06:53:01
1173,2074920,4108.0,2025-09-23 06:53:30
1174,376210,4541.0,2025-09-23 06:53:59
1175,812140,3224.0,2025-09-23 06:54:29
1176,960090,5453.0,2025-09-23 06:54:58
1177,1203620,3768.0,2025-09-23 06:55:27
1178,993090,4272.0,2025-09-23 06:55:56
1179,2141910,5489.0,2025-09-23 06:56:25
1180,714010,4292.0,2025-09-23 06:56:54
1181,2709570,3195.0,2025-09-23 06:57:23
1182,3159330,3198.0,2025-09-23 06:57:53
1183,814380,3930.0,2025-09-23 06:58:22
1184,1757300,7205.0,2025-09-23 06:58:51
1185,1151340,5213.0,2025-09-23 06:59:20
1186,444200,2013.0,2025-09-23 06:59:49
1187,899770,3420.0,2025-09-23 07:00:18
1188,779340,3340.0,2025-09-23 07:00:47
1189,1326470,3139.0,2025-09-23 07:01:17
1190,3659280,4994.0,2025-09-23 07:01:46
1191,1468810,3280.0,2025-09-23 07:02:15
1192,835570,2119.0,2025-09-23 07:02:44
1193,2918500,1832.0,2025-09-23 07:03:13
1194,397540,3865.0,2025-09-23 07:03:42
1195,238960,3543.0,2025-09-23 07:04:11
1196,3489700,2985.0,2025-09-23 07:04:40
1197,1446780,2954.0,2025-09-23 07:05:10
1198,244850,4585.0,2025-09-23 07:05:39
1199,477160,1677.0,2025-09-23 07:06:08
1200,1293830,2536.0,2025-09-23 07:06:37
1201,700330,2384.0,2025-09-23 07:07:06
1202,1909950,3229.0,2025-09-23 07:07:35
1203,1778820,3484.0,2025-09-23 07:08:04
1204,306130,6191.0,2025-09-23 07:08:33
1205,391220,2987.0,2025-09-23 07:09:02
1206,2016590,3290.0,2025-09-23 07:09:31
1207,440900,4196.0,2025-09-23 07:10:01
1208,728880,1427.0,2025-09-23 07:10:30
1209,431730,4424.0,2025-09-23 07:10:59
1210,1284210,3598.0,2025-09-23 07:11:28
1211,1295660,3819.0,2025-09-23 07:11:57
1212,815370,2175.0,2025-09-23 07:12:26
1213,233860,3754.0,2025-09-23 07:12:55
1214,1211020,1580.0,2025-09-23 07:13:24
1215,2949320,3043.0,2025-09-23 07:13:53
1216,2050650,3245.0,2025-09-23 07:14:23
1217,3059520,1823.0,2025-09-23 07:14:52
1218,379430,2483.0,2025-09-23 07:15:21
1219,518790,2452.0,2025-09-23 07:15:50
1220,916440,2314.0,2025-09-23 07:16:19
1221,1144200,4258.0,2025-09-23 07:16:48
1222,1876890,2367.0,2025-09-23 07:17:17
1223,1604270,1950.0,2025-09-23 07:17:46
1224,3321660,2214.0,2025-09-23 07:18:15
1225,214950,2642.0,2025-09-23 07:18:45
1226,632360,4906.0,2025-09-23 07:19:14
1227,262060,2825.0,2025-09-23 07:19:43
1228,2471100,3516.0,2025-09-23 07:20:12
1229,933110,2457.0,2025-09-23 07:20:41
1230,270880,4774.0,2025-09-23 07:21:10
1231,1868140,2285.0,2025-09-23 07:21:39
1232,2277560,2541.0,2025-09-23 07:22:08
1233,1366540,2744.0,2025-09-23 07:22:37
1234,242760,2021.0,2025-09-23 07:23:06
1235,1904540,2232.0,2025-09-23 07:23:35
1236,3199170,2802.0,2025-09-23 07:24:05
1237,48700,2351.0,2025-09-23 07:24:34
1238,914690,3.0,2025-09-23 07:25:03
1239,3180070,2680.0,2025-09-23 07:25:32
1240,1943950,1322.0,2025-09-23 07:26:01
1241,1267910,3343.0,2025-09-23 07:26:30
1242,1304930,2449.0,2025-09-23 07:26:59
1243,588650,2557.0,2025-09-23 07:27:28
1244,2642680,2707.0,2025-09-23 07:27:57
1245,1066780,1792.0,2025-09-23 07:28:26
1246,544810,2108.0,2025-09-23 07:28:55
1247,2384580,1972.0,2025-09-23 07:29:24
1248,945360,3212.0,2025-09-23 07:29:54
1249,1621690,2282.0,2025-09-23 07:30:23
1250,730,662306.0,2025-09-23 07:30:52
1251,570,445450.0,2025-09-23 07:31:21
1252,578080,204827.0,2025-09-23 07:31:50
1253,2507950,109422.0,2025-09-23 07:32:19
1254,1172470,68825.0,2025-09-23 07:32:48
1255,1030300,106882.0,2025-09-23 07:33:17
1256,3419430,99713.0,2025-09-23 07:33:46
1257,1203220,39436.0,2025-09-23 07:34:15
1258,431960,74102.0,2025-09-23 07:34:45
1259,1285190,91813.0,2025-09-23 07:35:14
1260,2694490,56349.0,2025-09-23 07:35:43
1261,2923300,90072.0,2025-09-23 07:36:12
1262,252490,53288.0,2025-09-23 07:36:41
1263,413150,46915.0,2025-09-23 07:37:10
1264,3008130,41579.0,2025-09-23 07:37:39
1265,218,39586.0,2025-09-23 07:38:08
1266,271590,30937.0,2025-09-23 07:38:37
1267,480,26884.0,2025-09-23 07:39:07
1268,236390,27995.0,2025-09-23 07:39:36
1269,2622380,32759.0,2025-09-23 07:40:05
1270,322330,26422.0,2025-09-23 07:40:34
1271,3354750,57451.0,2025-09-23 07:41:03
1272,3240220,27229.0,2025-09-23 07:41:32
1273,2252570,24189.0,2025-09-23 07:42:01
1274,381210,30263.0,2025-09-23 07:42:30
1275,359550,31142.0,2025-09-23 07:42:59
1276,440,42417.0,2025-09-23 07:43:28
1277,367520,29714.0,2025-09-23 07:43:58
1278,230410,30031.0,2025-09-23 07:44:27
1279,240,35377.0,2025-09-23 07:44:56
1280,1086940,32410.0,2025-09-23 07:45:25
1281,1091500,27547.0,2025-09-23 07:45:54
1282,438100,40014.0,2025-09-23 07:46:23
1283,394360,21770.0,2025-09-23 07:46:52
1284,2767030,55492.0,2025-09-23 07:47:21
1285,1973530,28229.0,2025-09-23 07:47:51
1286,553850,35427.0,2025-09-23 07:48:20
1287,1366800,27993.0,2025-09-23 07:48:49
1288,289070,24285.0,2025-09-23 07:49:18
1289,221100,21875.0,2025-09-23 07:49:47
1290,1623730,22673.0,2025-09-23 07:50:16
1291,2444750,18490.0,2025-09-23 07:50:45
1292,261550,18104.0,2025-09-23 07:51:14
1293,2073620,22989.0,2025-09-23 07:51:44
1294,1174180,17848.0,2025-09-23 07:52:13
1295,1364780,16530.0,2025-09-23 07:52:42
1296,218620,29767.0,2025-09-23 07:53:11
1297,2357570,24405.0,2025-09-23 07:53:40
1298,294100,21565.0,2025-09-23 07:54:09
1299,251570,18159.0,2025-09-23 07:54:38
1300,275850,20569.0,2025-09-23 07:55:07
1301,227300,9338.0,2025-09-23 07:55:36
1302,2669320,12670.0,2025-09-23 07:56:06
1303,1938090,21494.0,2025-09-23 07:56:35
1304,1245620,15801.0,2025-09-23 07:57:04
1305,1422450,,2025-09-23 07:57:33
1306,1281930,14754.0,2025-09-23 07:58:02
1307,1260320,11139.0,2025-09-23 07:58:31
1308,2139460,14104.0,2025-09-23 07:59:00
1309,552990,16188.0,2025-09-23 07:59:30
1310,2358720,11235.0,2025-09-23 07:59:59
1311,1222670,15926.0,2025-09-23 08:00:28
1312,1517290,11170.0,2025-09-23 08:00:57
1313,1142710,12638.0,2025-09-23 08:01:26
1314,2584990,13636.0,2025-09-23 08:01:55
1315,892970,14139.0,2025-09-23 08:02:24
1316,3527290,14819.0,2025-09-23 08:02:53
1317,105600,13470.0,2025-09-23 08:03:22
1318,346110,11541.0,2025-09-23 08:03:51
1319,1905180,11567.0,2025-09-23 08:04:21
1320,1771300,9909.0,2025-09-23 08:04:50
1321,108600,13691.0,2025-09-23 08:05:19
1322,550,15872.0,2025-09-23 08:05:48
1323,3241660,10605.0,2025-09-23 08:06:17
1324,2300320,8133.0,2025-09-23 08:06:46
1325,250900,11239.0,2025-09-23 08:07:15
1326,1449850,12509.0,2025-09-23 08:07:44
1327,322170,10747.0,2025-09-23 08:08:13
1328,3472040,11108.0,2025-09-23 08:08:42
1329,284160,9146.0,2025-09-23 08:09:12
1330,2429640,11065.0,2025-09-23 08:09:41
1331,1426210,4420.0,2025-09-23 08:10:10
1332,582660,15374.0,2025-09-23 08:10:39
1333,1158310,10365.0,2025-09-23 08:11:08
1334,2246340,10486.0,2025-09-23 08:11:37
1335,766570,9171.0,2025-09-23 08:12:06
1336,513710,10529.0,2025-09-23 08:12:35
1337,1325860,8929.0,2025-09-23 08:13:04
1338,2878980,8636.0,2025-09-23 08:13:33
1339,3037410,16822.0,2025-09-23 08:14:02
1340,813780,9735.0,2025-09-23 08:14:32
1341,489830,12154.0,2025-09-23 08:15:01
1342,2399830,11161.0,2025-09-23 08:15:30
1343,526870,9909.0,2025-09-23 08:15:59
1344,4000,9440.0,2025-09-23 08:16:28
1345,646570,10826.0,2025-09-23 08:16:57
1346,292030,6901.0,2025-09-23 08:17:26
1347,3405340,15150.0,2025-09-23 08:17:55
1348,1623660,15061.0,2025-09-23 08:18:24
1349,281990,13412.0,2025-09-23 08:18:54
1350,1049590,5367.0,2025-09-23 08:19:23
1351,1145360,8579.0,2025-09-23 08:19:52
1352,1085660,13646.0,2025-09-23 08:20:21
1353,629520,8140.0,2025-09-23 08:20:50
1354,2183900,7971.0,2025-09-23 08:21:19
1355,582010,6943.0,2025-09-23 08:21:48
1356,427520,10171.0,2025-09-23 08:22:17
1357,3224770,13154.0,2025-09-23 08:22:46
1358,2073850,10096.0,2025-09-23 08:23:16
1359,1665460,6724.0,2025-09-23 08:23:45
1360,236850,7468.0,2025-09-23 08:24:14
1361,594650,5160.0,2025-09-23 08:24:43
1362,3513350,8119.0,2025-09-23 08:25:12
1363,365670,8398.0,2025-09-23 08:25:41
1364,1172710,9237.0,2025-09-23 08:26:10
1365,8930,8995.0,2025-09-23 08:26:40
1366,1407200,5013.0,2025-09-23 08:27:09
1367,3447040,4754.0,2025-09-23 08:27:38
1368,393380,5434.0,2025-09-23 08:28:07
1369,3142050,7712.0,2025-09-23 08:28:36
1370,1329410,6170.0,2025-09-23 08:29:05
1371,1551360,5009.0,2025-09-23 08:29:34
1372,39210,10691.0,2025-09-23 08:30:03
1373,1466860,5290.0,2025-09-23 08:30:33
1374,2321470,6613.0,2025-09-23 08:31:02
1375,1818450,4588.0,2025-09-23 08:31:31
1376,1283970,7668.0,2025-09-23 08:32:00
1377,3478050,3760.0,2025-09-23 08:32:29
1378,377160,8405.0,2025-09-23 08:32:58
1379,252950,7462.0,2025-09-23 08:33:27
1380,548430,4275.0,2025-09-23 08:33:56
1381,255710,6645.0,2025-09-23 08:34:26
1382,739630,6473.0,2025-09-23 08:34:55
1383,239140,5303.0,2025-09-23 08:35:24
1384,10,4622.0,2025-09-23 08:35:53
1385,1454400,8588.0,2025-09-23 08:36:22
1386,2763740,7970.0,2025-09-23 08:36:51
1387,304930,9751.0,2025-09-23 08:37:20
1388,1599340,6224.0,2025-09-23 08:37:49
1389,1920960,6967.0,2025-09-23 08:38:18
1390,3164500,8356.0,2025-09-23 08:38:47
1391,107410,5309.0,2025-09-23 08:39:17
1392,1568590,1779.0,2025-09-23 08:39:46
1393,1063730,6707.0,2025-09-23 08:40:15
1394,2001120,2320.0,2025-09-23 08:40:44
1395,457140,5701.0,2025-09-23 08:41:13
1396,244210,4168.0,2025-09-23 08:41:42
1397,761890,4855.0,2025-09-23 08:42:11
1398,1238840,3175.0,2025-09-23 08:42:40
1399,2707930,5702.0,2025-09-23 08:43:09
1400,2379780,6519.0,2025-09-23 08:43:39
1401,534380,4129.0,2025-09-23 08:44:08
1402,990080,4163.0,2025-09-23 08:44:37
1403,2426960,5270.0,2025-09-23 08:45:06
1404,3564400,5556.0,2025-09-23 08:45:35
1405,1903340,4251.0,2025-09-23 08:46:04
1406,1238810,3154.0,2025-09-23 08:46:33
1407,3061570,4235.0,2025-09-23 08:47:02
1408,3231090,7928.0,2025-09-23 08:47:32
1409,529340,4379.0,2025-09-23 08:48:01
1410,1476970,6806.0,2025-09-23 08:48:30
1411,1248130,3214.0,2025-09-23 08:48:59
1412,949230,4554.0,2025-09-23 08:49:28
1413,2508780,5650.0,2025-09-23 08:49:57
1414,2452280,4387.0,2025-09-23 08:50:26
1415,1942280,4209.0,2025-09-23 08:50:56
1416,216150,7274.0,2025-09-23 08:51:25
1417,3165720,3284.0,2025-09-23 08:51:54
1418,291550,4619.0,2025-09-23 08:52:23
1419,1874880,4950.0,2025-09-23 08:52:52
1420,648800,3198.0,2025-09-23 08:53:21
1421,3557620,548.0,2025-09-23 08:53:50
1422,1687950,4418.0,2025-09-23 08:54:19
1423,2074920,4187.0,2025-09-23 08:54:49
1424,376210,4216.0,2025-09-23 08:55:18
1425,812140,3270.0,2025-09-23 08:55:47
1426,960090,4837.0,2025-09-23 08:56:16
1427,1203620,3336.0,2025-09-23 08:56:45
1428,993090,4122.0,2025-09-23 08:57:14
1429,2141910,4180.0,2025-09-23 08:57:43
1430,714010,3788.0,2025-09-23 08:58:13
1431,2709570,2892.0,2025-09-23 08:58:42
1432,3159330,3315.0,2025-09-23 08:59:11
1433,814380,3241.0,2025-09-23 08:59:40
1434,1757300,4202.0,2025-09-23 09:00:09
1435,1151340,4222.0,2025-09-23 09:00:38
1436,444200,3097.0,2025-09-23 09:01:07
1437,899770,3365.0,2025-09-23 09:01:36
1438,779340,3498.0,2025-09-23 09:02:06
1439,1326470,2754.0,2025-09-23 09:02:35
1440,3659280,3496.0,2025-09-23 09:03:04
1441,1468810,3447.0,2025-09-23 09:03:33
1442,835570,2376.0,2025-09-23 09:04:02
1443,2918500,2133.0,2025-09-23 09:04:31
1444,397540,3412.0,2025-09-23 09:05:00
1445,238960,3660.0,2025-09-23 09:05:30
1446,3489700,3027.0,2025-09-23 09:05:59
1447,1446780,3089.0,2025-09-23 09:06:28
1448,244850,3927.0,2025-09-23 09:06:57
1449,477160,1739.0,2025-09-23 09:07:26
1450,1293830,2398.0,2025-09-23 09:07:55
1451,700330,2479.0,2025-09-23 09:08:25
1452,1909950,3726.0,2025-09-23 09:08:54
1453,1778820,3214.0,2025-09-23 09:09:23
1454,306130,5922.0,2025-09-23 09:09:52
1455,391220,2718.0,2025-09-23 09:10:21
1456,2016590,2917.0,2025-09-23 09:10:50
1457,440900,3616.0,2025-09-23 09:11:20
1458,728880,1583.0,2025-09-23 09:11:49
1459,431730,4314.0,2025-09-23 09:12:18
1460,1284210,3216.0,2025-09-23 09:12:47
1461,1295660,3617.0,2025-09-23 09:13:16
1462,815370,2111.0,2025-09-23 09:13:45
1463,233860,3541.0,2025-09-23 09:14:14
1464,1211020,1632.0,2025-09-23 09:14:43
1465,2949320,3238.0,2025-09-23 09:15:12
1466,2050650,2848.0,2025-09-23 09:15:41
1467,3059520,2029.0,2025-09-23 09:16:10
1468,379430,2619.0,2025-09-23 09:16:39
1469,518790,2447.0,2025-09-23 09:17:08
1470,916440,2768.0,2025-09-23 09:17:38
1471,1144200,3006.0,2025-09-23 09:18:07
1472,1876890,2441.0,2025-09-23 09:18:36
1473,1604270,1897.0,2025-09-23 09:19:05
1474,3321660,2195.0,2025-09-23 09:19:34
1475,214950,2711.0,2025-09-23 09:20:03
1476,632360,3432.0,2025-09-23 09:20:32
1477,262060,2682.0,2025-09-23 09:21:01
1478,2471100,3659.0,2025-09-23 09:21:31
1479,933110,2457.0,2025-09-23 09:22:00
1480,270880,3633.0,2025-09-23 09:22:29
1481,1868140,2406.0,2025-09-23 09:22:58
1482,2277560,2696.0,2025-09-23 09:23:28
1483,1366540,2744.0,2025-09-23 09:23:58
1484,242760,1805.0,2025-09-23 09:24:28
1485,1904540,2632.0,2025-09-23 09:24:57
1486,3199170,2324.0,2025-09-23 09:25:26
1487,48700,2451.0,2025-09-23 09:25:55
1488,914690,3.0,2025-09-23 09:26:24
1489,3180070,2346.0,2025-09-23 09:26:53
1490,1943950,1311.0,2025-09-23 09:27:23
1491,1267910,3445.0,2025-09-23 09:27:52
1492,1304930,1852.0,2025-09-23 09:28:21
1493,588650,2218.0,2025-09-23 09:28:50
1494,2642680,2301.0,2025-09-23 09:29:19
1495,1066780,2258.0,2025-09-23 09:29:48
1496,544810,2380.0,2025-09-23 09:30:17
1497,2384580,2101.0,2025-09-23 09:30:47
1498,945360,2345.0,2025-09-23 09:31:16
1499,1621690,2388.0,2025-09-23 09:31:45
1500,730,698815.0,2025-09-23 09:32:14
1501,570,470675.0,2025-09-23 09:32:43
1502,578080,270893.0,2025-09-23 09:33:12
1503,2507950,114681.0,2025-09-23 09:33:41
1504,1172470,74785.0,2025-09-23 09:34:10
1505,1030300,88609.0,2025-09-23 09:34:39
1506,3419430,110850.0,2025-09-23 09:35:08
1507,1203220,42048.0,2025-09-23 09:35:38
1508,431960,78849.0,2025-09-23 09:36:07
1509,1285190,73990.0,2025-09-23 09:36:36
1510,2694490,58827.0,2025-09-23 09:37:05
1511,2923300,91898.0,2025-09-23 09:37:34
1512,252490,56870.0,2025-09-23 09:38:03
1513,413150,46641.0,2025-09-23 09:38:32
1514,3008130,41575.0,2025-09-23 09:39:01
1515,218,40153.0,2025-09-23 09:39:30
1516,271590,38233.0,2025-09-23 09:39:59
1517,480,30080.0,2025-09-23 09:40:29
1518,236390,28984.0,2025-09-23 09:40:58
1519,2622380,33995.0,2025-09-23 09:41:27
1520,322330,29119.0,2025-09-23 09:41:56
1521,3354750,39279.0,2025-09-23 09:42:25
1522,3240220,27969.0,2025-09-23 09:42:54
1523,2252570,29638.0,2025-09-23 09:43:23
1524,381210,26633.0,2025-09-23 09:43:52
1525,359550,24955.0,2025-09-23 09:44:21
1526,440,37962.0,2025-09-23 09:44:50
1527,367520,25991.0,2025-09-23 09:45:19
1528,230410,28539.0,2025-09-23 09:45:49
1529,240,43734.0,2025-09-23 09:46:18
1530,1086940,26093.0,2025-09-23 09:46:47
1531,1091500,27028.0,2025-09-23 09:47:16
1532,438100,35051.0,2025-09-23 09:47:45
1533,394360,23857.0,2025-09-23 09:48:14
1534,2767030,36294.0,2025-09-23 09:48:43
1535,1973530,26675.0,2025-09-23 09:49:12
1536,553850,24661.0,2025-09-23 09:49:41
1537,1366800,27140.0,2025-09-23 09:50:11
1538,289070,25640.0,2025-09-23 09:50:40
1539,221100,23557.0,2025-09-23 09:51:09
1540,1623730,23128.0,2025-09-23 09:51:38
1541,2444750,19247.0,2025-09-23 09:52:07
1542,261550,19983.0,2025-09-23 09:52:36
1543,2073620,21145.0,2025-09-23 09:53:05
1544,1174180,18296.0,2025-09-23 09:53:34
1545,1364780,18362.0,2025-09-23 09:54:03
1546,218620,25428.0,2025-09-23 09:54:32
1547,2357570,19893.0,2025-09-23 09:55:01
1548,294100,21837.0,2025-09-23 09:55:31
1549,251570,18476.0,2025-09-23 09:56:00
1550,275850,18875.0,2025-09-23 09:56:29
1551,227300,13274.0,2025-09-23 09:56:58
1552,2669320,13689.0,2025-09-23 09:57:27
1553,1938090,16464.0,2025-09-23 09:57:56
1554,1245620,15247.0,2025-09-23 09:58:25
1555,1422450,,2025-09-23 09:58:54
1556,1281930,14711.0,2025-09-23 09:59:24
1557,1260320,11435.0,2025-09-23 09:59:53
1558,2139460,14897.0,2025-09-23 10:00:22
1559,552990,17065.0,2025-09-23 10:00:51
1560,2358720,12487.0,2025-09-23 10:01:20
1561,1222670,15679.0,2025-09-23 10:01:49
1562,1517290,10780.0,2025-09-23 10:02:18
1563,1142710,13800.0,2025-09-23 10:02:47
1564,2584990,14031.0,2025-09-23 10:03:16
1565,892970,13115.0,2025-09-23 10:03:45
1566,3527290,11237.0,2025-09-23 10:04:14
1567,105600,13344.0,2025-09-23 10:04:44
1568,346110,12504.0,2025-09-23 10:05:13
1569,1905180,13222.0,2025-09-23 10:05:42
1570,1771300,11761.0,2025-09-23 10:06:11
1571,108600,12888.0,2025-09-23 10:06:40
1572,550,11084.0,2025-09-23 10:07:09
1573,3241660,8677.0,2025-09-23 10:07:38
1574,2300320,11131.0,2025-09-23 10:08:07
1575,250900,11528.0,2025-09-23 10:08:36
1576,1449850,12574.0,2025-09-23 10:09:05
1577,322170,11000.0,2025-09-23 10:09:34
1578,3472040,11183.0,2025-09-23 10:10:03
1579,284160,9726.0,2025-09-23 10:10:32
1580,2429640,11215.0,2025-09-23 10:11:02
1581,1426210,5603.0,2025-09-23 10:11:31
1582,582660,15775.0,2025-09-23 10:12:00
1583,1158310,11257.0,2025-09-23 10:12:29
1584,2246340,10999.0,2025-09-23 10:12:58
1585,766570,11247.0,2025-09-23 10:13:27
1586,513710,11744.0,2025-09-23 10:13:56
1587,1325860,9679.0,2025-09-23 10:14:25
1588,2878980,9575.0,2025-09-23 10:14:54
1589,3037410,16848.0,2025-09-23 10:15:24
1590,813780,10461.0,2025-09-23 10:15:53
1591,489830,11638.0,2025-09-23 10:16:22
1592,2399830,11293.0,2025-09-23 10:16:51
1593,526870,10558.0,2025-09-23 10:17:20
1594,4000,9700.0,2025-09-23 10:17:49
1595,646570,11674.0,2025-09-23 10:18:18
1596,292030,8806.0,2025-09-23 10:18:47
1597,3405340,13842.0,2025-09-23 10:19:16
1598,1623660,15080.0,2025-09-23 10:19:45
1599,281990,13948.0,2025-09-23 10:20:15
1600,1049590,7091.0,2025-09-23 10:20:44
1601,1145360,8891.0,2025-09-23 10:21:13
1602,1085660,11617.0,2025-09-23 10:21:42
1603,629520,8588.0,2025-09-23 10:22:11
1604,2183900,8082.0,2025-09-23 10:22:40
1605,582010,7873.0,2025-09-23 10:23:09
1606,427520,10958.0,2025-09-23 10:23:38
1607,3224770,11293.0,2025-09-23 10:24:07
1608,2073850,8486.0,2025-09-23 10:24:36
1609,1665460,7275.0,2025-09-23 10:25:05
1610,236850,8479.0,2025-09-23 10:25:35
1611,594650,5949.0,2025-09-23 10:26:04
1612,3513350,8431.0,2025-09-23 10:26:33
1613,365670,10239.0,2025-09-23 10:27:02
1614,1172710,9303.0,2025-09-23 10:27:31
1615,8930,9468.0,2025-09-23 10:28:00
1616,1407200,7040.0,2025-09-23 10:28:29
1617,3447040,5735.0,2025-09-23 10:28:58
1618,393380,6619.0,2025-09-23 10:29:27
1619,3142050,8268.0,2025-09-23 10:29:56
1620,1329410,7236.0,2025-09-23 10:30:25
1621,1551360,6359.0,2025-09-23 10:30:55
1622,39210,9787.0,2025-09-23 10:31:24
1623,1466860,6639.0,2025-09-23 10:31:53
1624,2321470,7887.0,2025-09-23 10:32:22
1625,1818450,5784.0,2025-09-23 10:32:51
1626,1283970,8100.0,2025-09-23 10:33:20
1627,3478050,4373.0,2025-09-23 10:33:49
1628,377160,8380.0,2025-09-23 10:34:18
1629,252950,6647.0,2025-09-23 10:34:48
1630,548430,5046.0,2025-09-23 10:35:17
1631,255710,7504.0,2025-09-23 10:35:46
1632,739630,5126.0,2025-09-23 10:36:15
1633,239140,6188.0,2025-09-23 10:36:44
1634,10,5803.0,2025-09-23 10:37:13
1635,1454400,8977.0,2025-09-23 10:37:42
1636,2763740,8546.0,2025-09-23 10:38:11
1637,304930,9485.0,2025-09-23 10:38:40
1638,1599340,6371.0,2025-09-23 10:39:09
1639,1920960,7577.0,2025-09-23 10:39:38
1640,3164500,6871.0,2025-09-23 10:40:07
1641,107410,5866.0,2025-09-23 10:40:37
1642,1568590,2343.0,2025-09-23 10:41:06
1643,1063730,7183.0,2025-09-23 10:41:35
1644,2001120,3232.0,2025-09-23 10:42:04
1645,457140,6317.0,2025-09-23 10:42:33
1646,244210,4797.0,2025-09-23 10:43:02
1647,761890,5267.0,2025-09-23 10:43:31
1648,1238840,4093.0,2025-09-23 10:44:00
1649,2707930,5936.0,2025-09-23 10:44:29
1650,2379780,6509.0,2025-09-23 10:44:58
1651,534380,5003.0,2025-09-23 10:45:28
1652,990080,4884.0,2025-09-23 10:45:57
1653,2426960,5831.0,2025-09-23 10:46:26
1654,3564400,5916.0,2025-09-23 10:46:55
1655,730,817709.0,2025-09-23 11:42:24
1656,570,531883.0,2025-09-23 11:42:53
1657,578080,286547.0,2025-09-23 11:43:22
1658,2507950,137480.0,2025-09-23 11:43:51
1659,1172470,77596.0,2025-09-23 11:44:20
